date,underlying_price,option_type,strike,expiration,bid,ask,last,volume,open_interest,implied_volatility,contract_symbol,risk_free,ttm,delta,gamma,vega,theta
2025-01-06,460.54,call,414.49,2025-02-05,45.0053,50.1107,47.9594,1103,4976,0.2179,SPY250205C00414490,0.04534,0.0821917808219178,0.9622415795957544,0.002857840364243748,10.855711666103236,-32.304358164960036
2025-01-06,460.54,put,414.49,2025-02-05,0.01,5.1154,0.3685,3233,5822,0.2179,SPY250205P00414490,0.04534,0.0821917808219178,-0.037758420404245596,0.002857840364243748,10.855711666103236,-13.58128467766357
2025-01-06,460.54,call,437.51,2025-02-05,24.5152,29.6206,25.6636,2801,5475,0.225,SPY250205C00437510,0.04534,0.0821917808219178,0.8120046283432675,0.009075124569935202,35.595755639832774,-64.41582895172782
2025-01-06,460.54,put,437.51,2025-02-05,0.6177,5.7231,0.9061,3563,5692,0.225,SPY250205P00437510,0.04534,0.0821917808219178,-0.18799537165673252,0.009075124569935202,35.595755639832774,-44.65291095267579
2025-01-06,460.54,call,460.54,2025-02-05,9.5897,14.6951,12.4196,3597,3882,0.2153,SPY250205C00460540,0.04534,0.0821917808219178,0.5363476779149025,0.013975808064754732,52.45465814640522,-79.34855089248268
2025-01-06,460.54,put,460.54,2025-02-05,8.0151,13.1205,10.0971,1632,2968,0.2153,SPY250205P00460540,0.04534,0.0821917808219178,-0.46365232208509755,0.013975808064754732,52.45465814640522,-58.54533666815999
2025-01-06,460.54,call,483.57,2025-02-05,1.516,6.6214,3.3236,3527,6015,0.2182,SPY250205C00483570,0.04534,0.0821917808219178,0.24535085013668934,0.010920225224899242,41.53836951306626,-60.07617789314489
2025-01-06,460.54,put,483.57,2025-02-05,22.7327,27.8381,25.5029,404,4060,0.2182,SPY250205P00483570,0.04534,0.0821917808219178,-0.7546491498633107,0.010920225224899242,41.53836951306626,-38.232667443551534
2025-01-06,460.54,call,506.59,2025-02-05,0.01,5.1154,2.1634,3354,5485,0.2172,SPY250205C00506590,0.04534,0.0821917808219178,0.07500374712369787,0.004936301593780516,18.690658840655395,-26.21948874109532
2025-01-06,460.54,put,506.59,2025-02-05,42.8103,47.9157,45.193,2629,3879,0.2172,SPY250205P00506590,0.04534,0.0821917808219178,-0.9249962528763022,0.004936301593780516,18.690658840655395,-3.3361337797463975
2025-01-06,460.54,call,414.49,2025-02-20,48.1998,53.3052,50.7482,1864,4000,0.2655,SPY250220C00414490,0.04534,0.1232876712328767,0.8918943762786227,0.004325397200561702,30.029277469366296,-48.659539335266984
2025-01-06,460.54,put,414.49,2025-02-20,0.01,5.1154,2.0395,2528,3452,0.2655,SPY250220P00414490,0.04534,0.1232876712328767,-0.10810562372137733,0.004325397200561702,30.029277469366296,-29.971319838377724
2025-01-06,460.54,call,437.51,2025-02-20,29.1458,34.2512,32.6945,3936,7437,0.2577,SPY250220C00437510,0.04534,0.1232876712328767,0.7498344268802462,0.007628388747191672,51.40455429862683,-67.93083628861386
2025-01-06,460.54,put,437.51,2025-02-20,3.8996,9.005,7.1615,1356,5287,0.2577,SPY250220P00437510,0.04534,0.1232876712328767,-0.25016557311975385,0.007628388747191672,51.40455429862683,-48.204708005461015
2025-01-06,460.54,call,460.54,2025-02-20,16.8844,21.9898,19.1331,4635,8577,0.2813,SPY250220C00460540,0.04534,0.1232876712328767,0.5422007591384559,0.008721159347980635,64.15024457556117,-83.62633963581455
2025-01-06,460.54,put,460.54,2025-02-20,14.6407,19.7461,16.0663,411,1811,0.2813,SPY250220P00460540,0.04534,0.1232876712328767,-0.4577992408615441,0.008721159347980635,64.15024457556117,-62.86185169377159
2025-01-06,460.54,call,483.57,2025-02-20,6.6333,11.7387,8.147,4209,8050,0.2687,SPY250220C00483570,0.04534,0.1232876712328767,0.3406168036763032,0.008438663824695854,59.29194745056855,-71.29977302531188
2025-01-06,460.54,put,483.57,2025-02-20,27.0908,32.1962,31.1892,1501,4686,0.2687,SPY250220P00483570,0.04534,0.1232876712328767,-0.6593831963236968,0.008438663824695854,59.29194745056855,-49.496925424378816
2025-01-06,460.54,call,506.59,2025-02-20,1.3052,6.4106,4.1366,389,3237,0.2609,SPY250220C00506590,0.04534,0.1232876712328767,0.1752802831807027,0.006116188244332665,41.726243234311504,-47.63707311503944
2025-01-06,460.54,put,506.59,2025-02-20,44.2029,49.3083,46.1146,4382,5818,0.2609,SPY250220P00506590,0.04534,0.1232876712328767,-0.8247197168192972,0.006116188244332665,41.726243234311504,-24.796316727842814
2025-01-06,460.54,call,414.49,2025-03-07,47.9332,53.0386,49.654,3931,5916,0.1886,SPY250307C00414490,0.04534,0.1643835616438356,0.9349163708639696,0.0036040780949432656,23.6989432231904,-30.84275980808352
2025-01-06,460.54,put,414.49,2025-03-07,0.01,5.1154,0.5753,1964,5004,0.1886,SPY250307P00414490,0.04534,0.1643835616438356,-0.06508362913603039,0.0036040780949432656,23.6989432231904,-12.18932941905703
2025-01-06,460.54,call,437.51,2025-03-07,27.8581,32.9635,30.676,2973,4240,0.1815,SPY250307C00437510,0.04534,0.1643835616438356,0.798198796300239,0.008305430047569538,52.55715562194738,-44.310662571173566
2025-01-06,460.54,put,437.51,2025-03-07,1.4902,6.5956,4.6741,1170,1574,0.1815,SPY250307P00437510,0.04534,0.1643835616438356,-0.20180120369976096,0.008305430047569538,52.55715562194738,-24.621255517920225
2025-01-06,460.54,call,460.54,2025-03-07,12.7199,17.8253,15.7832,4747,5145,0.1855,SPY250307C00460540,0.04534,0.1643835616438356,0.5543673078160506,0.011410682056924618,73.79868403828542,-52.51042139439224
2025-01-06,460.54,put,460.54,2025-03-07,9.3749,14.4803,11.0313,3756,5806,0.1855,SPY250307P00460540,0.04534,0.1643835616438356,-0.4456326921839494,0.011410682056924618,73.79868403828542,-31.784587643608724
2025-01-06,460.54,call,483.57,2025-03-07,3.533,8.6384,6.1526,699,4502,0.18,SPY250307C00483570,0.04534,0.1643835616438356,0.29805123362425257,0.010314334443521849,64.73017984223408,-41.3864542783942
2025-01-06,460.54,put,483.57,2025-03-07,23.1279,28.2333,25.3395,662,3668,0.18,SPY250307P00483570,0.04534,0.1643835616438356,-0.7019487663757474,0.010314334443521849,64.73017984223408,-19.624193830080515
2025-01-06,460.54,call,506.59,2025-03-07,0.5251,5.6305,3.2445,3184,5054,0.2061,SPY250307C00506590,0.04534,0.1643835616438356,0.1563607522952914,0.0062277423190916364,44.750895028719114,-31.18117557684998
2025-01-06,460.54,put,506.59,2025-03-07,42.7289,47.8343,44.2131,3827,6161,0.2061,SPY250307P00506590,0.04534,0.1643835616438356,-0.8436392477047086,0.0062277423190916364,44.750895028719114,-8.382938464309436
2025-01-07,464.1,call,417.69,2025-02-06,47.0499,52.1909,51.3402,1405,3881,0.2223,SPY250206C00417690,0.04512,0.0821917808219178,0.9593550805329412,0.002951556631837017,11.615612362989697,-33.61091339840988
2025-01-07,464.1,put,417.69,2025-02-06,0.01,5.151,0.1877,473,3383,0.2223,SPY250206P00417690,0.04512,0.0821917808219178,-0.04064491946705884,0.002951556631837017,11.615612362989697,-14.8345020662405
2025-01-07,464.1,call,440.89,2025-02-06,25.1188,30.2598,27.8192,3919,7585,0.2083,SPY250206C00440890,0.04512,0.0821917808219178,0.8292175719119135,0.009157452920427933,33.76878940239814,-58.916036138983586
2025-01-07,464.1,put,440.89,2025-02-06,0.029,5.17,2.8024,2766,4582,0.2083,SPY250206P00440890,0.04512,0.0821917808219178,-0.17078242808808652,0.009157452920427933,33.76878940239814,-39.09671560882927
2025-01-07,464.1,call,464.1,2025-02-06,10.7404,15.8814,13.9579,2508,3385,0.2332,SPY250206C00464100,0.04512,0.0821917808219178,0.5354184115507994,0.012806772154671933,52.87127166765512,-85.61972366345941
2025-01-07,464.1,put,464.1,2025-02-06,8.9246,14.0656,11.5383,4593,7485,0.2332,SPY250206P00464100,0.04512,0.0821917808219178,-0.4645815884492006,0.012806772154671933,52.87127166765512,-64.75704440549343
2025-01-07,464.1,call,487.31,2025-02-06,0.811,5.952,5.3701,684,2989,0.2012,SPY250206C00487310,0.04512,0.0821917808219178,0.22575840713809225,0.01122453321121533,39.980460563443785,-53.50886454313149
2025-01-07,464.1,put,487.31,2025-02-06,22.3143,27.4553,23.5825,3056,4726,0.2012,SPY250206P00487310,0.04512,0.0821917808219178,-0.7742415928619077,0.01122453321121533,39.980460563443785,-31.60282655735386
2025-01-07,464.1,call,510.51,2025-02-06,0.01,5.151,0.01,4108,6159,0.2131,SPY250206C00510510,0.04512,0.0821917808219178,0.07094179427333992,0.004784373077753978,18.049285505313684,-24.844582578296205
2025-01-07,464.1,put,510.51,2025-02-06,43.4998,48.6408,47.0951,1290,2690,0.2131,SPY250206P00510510,0.04512,0.0821917808219178,-0.9290582057266601,0.004784373077753978,18.049285505313684,-1.8956353945336382
2025-01-07,464.1,call,417.69,2025-02-21,48.1418,53.2828,50.7103,1547,4383,0.261,SPY250221C00417690,0.04512,0.1232876712328767,0.8954788289320472,0.004261179012638067,29.53337452104971,-47.71437804123205
2025-01-07,464.1,put,417.69,2025-02-21,0.01,5.151,3.3779,885,1304,0.261,SPY250221P00417690,0.04512,0.1232876712328767,-0.10452117106795278,0.004261179012638067,29.53337452104971,-28.972750546600526
2025-01-07,464.1,call,440.89,2025-02-21,31.2469,36.3879,34.5228,613,3313,0.2834,SPY250221C00440890,0.04512,0.1232876712328767,0.7327782975775665,0.007122523601310417,53.6014488763244,-75.43596295382864
2025-01-07,464.1,put,440.89,2025-02-21,5.3769,10.5179,7.1225,3154,6795,0.2834,SPY250221P00440890,0.04512,0.1232876712328767,-0.2672217024224335,0.007122523601310417,53.6014488763244,-55.65335828024753
2025-01-07,464.1,call,464.1,2025-02-21,16.7643,21.9053,19.2962,1692,3720,0.275,SPY250221C00464100,0.04512,0.1232876712328767,0.5421648898572873,0.008852607476229785,64.64674876045255,-82.58860878204722
2025-01-07,464.1,put,464.1,2025-02-21,14.026,19.167,16.1269,857,1967,0.275,SPY250221P00464100,0.04512,0.1232876712328767,-0.4578351101427127,0.008852607476229785,64.64674876045255,-61.76457823245663
2025-01-07,464.1,call,487.31,2025-02-21,7.5075,12.6485,9.72,985,2660,0.2825,SPY250221C00487310,0.04512,0.1232876712328767,0.34963684655888116,0.008042955327105368,60.33605276006125,-75.9850689204269
2025-01-07,464.1,put,487.31,2025-02-21,28.0575,33.1985,29.5096,2299,4401,0.2825,SPY250221P00487310,0.04512,0.1232876712328767,-0.6503631534411188,0.008042955327105368,60.33605276006125,-54.11961249482684
2025-01-07,464.1,call,510.51,2025-02-21,2.3741,7.5151,3.536,1631,2085,0.285,SPY250221C00510510,0.04512,0.1232876712328767,0.1985505454693176,0.0060017838261990746,45.422182198065904,-56.43694162046378
2025-01-07,464.1,put,510.51,2025-02-21,46.2474,51.3884,48.2322,3582,5665,0.285,SPY250221P00510510,0.04512,0.1232876712328767,-0.8014494545306824,0.0060017838261990746,45.422182198065904,-33.53050801591412
2025-01-07,464.1,call,417.69,2025-03-08,47.895,53.036,50.9784,3516,3999,0.1856,SPY250308C00417690,0.04512,0.1643835616438356,0.9377709146773388,0.00350960691089001,23.063115355557052,-30.37996133041195
2025-01-07,464.1,put,417.69,2025-03-08,0.01,5.151,0.7177,3624,3871,0.1856,SPY250308P00417690,0.04512,0.1643835616438356,-0.06222908532266125,0.00350960691089001,23.063115355557052,-11.673053235267112
2025-01-07,464.1,call,440.89,2025-03-08,28.8382,33.9792,31.0858,4714,6021,0.1925,SPY250308C00440890,0.04512,0.1643835616438356,0.7856462522034107,0.008052567747361683,54.88411225078491,-47.18591795935734
2025-01-07,464.1,put,440.89,2025-03-08,2.0629,7.2039,4.3318,1245,2357,0.1925,SPY250308P00440890,0.04512,0.1643835616438356,-0.21435374779658933,0.008052567747361683,54.88411225078491,-27.439961125177916
2025-01-07,464.1,call,464.1,2025-03-08,14.1686,19.3096,17.3444,3019,5459,0.2008,SPY250308C00464100,0.04512,0.1643835616438356,0.5524326395149358,0.010467257716323383,74.4180264399827,-56.262501465376694
2025-01-07,464.1,put,464.1,2025-03-08,11.0057,16.1467,14.3111,1137,3756,0.2008,SPY250308P00464100,0.04512,0.1643835616438356,-0.4475673604850642,0.010467257716323383,74.4180264399827,-35.47704802632688
2025-01-07,464.1,call,487.31,2025-03-08,3.848,8.989,6.171,4146,4610,0.1832,SPY250308C00487310,0.04512,0.1643835616438356,0.3015278901501236,0.01010938405058341,65.57400169798808,-42.56719060633366
2025-01-07,464.1,put,487.31,2025-03-08,23.412,28.553,25.7148,570,2033,0.1832,SPY250308P00487310,0.04512,0.1643835616438356,-0.6984721098498764,0.01010938405058341,65.57400169798808,-20.742240562413457
2025-01-07,464.1,call,510.51,2025-03-08,0.01,5.151,3.7245,784,1403,0.1838,SPY250308C00510510,0.04512,0.1643835616438356,0.1266869891620837,0.006008037859980014,39.098463483723705,-24.41581407049921
2025-01-07,464.1,put,510.51,2025-03-08,41.7817,46.9227,43.5268,615,1863,0.1838,SPY250308P00510510,0.04512,0.1643835616438356,-0.8733130108379163,0.006008037859980014,39.098463483723705,-1.551815287544411
2025-01-08,463.42,call,417.08,2025-02-07,45.7123,50.8465,47.7191,4151,6782,0.2215,SPY250207C00417080,0.04556,0.0821917808219178,0.9599245382339201,0.0029327668584726565,11.466455937361397,-33.51337640662992
2025-01-08,463.42,put,417.08,2025-02-07,0.01,5.1442,0.01,534,4229,0.2215,SPY250207P00417080,0.04556,0.0821917808219178,-0.0400754617660799,0.0029327668584726565,11.466455937361397,-14.582235143809719
2025-01-08,463.42,call,440.25,2025-02-07,25.5849,30.7191,28.7581,1612,3355,0.2343,SPY250207C00440250,0.04556,0.0821917808219178,0.8031464942285138,0.008908044732394673,36.84110211719937,-68.17689057645367
2025-01-08,463.42,put,440.25,2025-02-07,0.9488,6.083,2.4849,549,934,0.2343,SPY250207P00440250,0.04556,0.0821917808219178,-0.1968535057714862,0.008908044732394673,36.84110211719937,-48.19406967649062
2025-01-08,463.42,call,463.42,2025-02-07,9.0216,14.1558,12.6085,3389,5264,0.203,SPY250207C00463420,0.04556,0.0821917808219178,0.5372238785275232,0.01472750061576006,52.77193556589066,-75.98188314299966
2025-01-08,463.42,put,463.42,2025-02-07,7.3184,12.4526,9.7998,927,3843,0.203,SPY250207P00463420,0.04556,0.0821917808219178,-0.4627761214724768,0.01472750061576006,52.77193556589066,-54.94738260589375
2025-01-08,463.42,call,486.59,2025-02-07,1.3935,6.5277,3.3779,377,2725,0.2138,SPY250207C00486590,0.04556,0.0821917808219178,0.24064743781630493,0.010960340157736136,41.362775203656135,-58.69985301593991
2025-01-08,463.42,put,486.59,2025-02-07,22.9498,28.084,25.3817,4772,6120,0.2138,SPY250207P00486590,0.04556,0.0821917808219178,-0.7593525621836951,0.010960340157736136,41.362775203656135,-36.61367284169113
2025-01-08,463.42,call,509.76,2025-02-07,0.01,5.1442,0.5006,421,4115,0.2312,SPY250207C00509760,0.04556,0.0821917808219178,0.08879177224815582,0.005233809321200078,21.359135068161855,-31.859669237993234
2025-01-08,463.42,put,509.76,2025-02-07,42.7329,47.8671,45.6133,795,4013,0.2312,SPY250207P00509760,0.04556,0.0821917808219178,-0.9112082277518442,0.005233809321200078,21.359135068161855,-8.721809426601595
2025-01-08,463.42,call,417.08,2025-02-22,48.6601,53.7943,52.7968,1943,5035,0.262,SPY250222C00417080,0.04556,0.1232876712328767,0.8947690663008696,0.004272025205831975,29.634956415129555,-48.061042726581825
2025-01-08,463.42,put,417.08,2025-02-22,0.01,5.1442,0.6197,484,3316,0.262,SPY250222P00417080,0.04556,0.1232876712328767,-0.10523093369913039,0.004272025205831975,29.634956415129555,-29.165313622195896
2025-01-08,463.42,call,440.25,2025-02-22,29.9031,35.0373,31.9221,4612,7285,0.2628,SPY250222C00440250,0.04556,0.1232876712328767,0.7462892065499633,0.007489275938695479,52.11159766587748,-69.81865864400908
2025-01-08,463.42,put,440.25,2025-02-22,4.1403,9.2745,7.304,2269,5928,0.2628,SPY250222P00440250,0.04556,0.1232876712328767,-0.25371079345003666,0.007489275938695479,52.11159766587748,-49.87321715027668
2025-01-08,463.42,call,463.42,2025-02-22,16.8733,22.0075,19.3781,581,4289,0.2819,SPY250222C00463420,0.04556,0.1232876712328767,0.5423034672463027,0.008648275793013463,64.5496366159961,-84.35544823424098
2025-01-08,463.42,put,463.42,2025-02-22,14.3859,19.5201,15.9463,3355,6880,0.2819,SPY250222P00463420,0.04556,0.1232876712328767,-0.45769653275369726,0.008648275793013463,64.5496366159961,-63.36029435116213
2025-01-08,463.42,call,486.59,2025-02-22,6.7194,11.8536,9.2698,3733,4234,0.2666,SPY250222C00486590,0.04556,0.1232876712328767,0.3392985267528364,0.008439740626736119,59.574230316158314,-71.15211731420234
2025-01-08,463.42,put,486.59,2025-02-22,27.0835,32.2177,29.0098,1145,3462,0.2666,SPY250222P00486590,0.04556,0.1232876712328767,-0.6607014732471637,0.008439740626736119,59.574230316158314,-49.107251041777026
2025-01-08,463.42,call,509.76,2025-02-22,2.4614,7.5956,5.8075,1478,4531,0.287,SPY250222C00509760,0.04556,0.1232876712328767,0.20055744820557792,0.006004941657760771,45.630989249393856,-57.11896458633877
2025-01-08,463.42,put,509.76,2025-02-22,46.2469,51.3811,47.8379,2070,5054,0.287,SPY250222P00509760,0.04556,0.1232876712328767,-0.7994425517944221,0.006004941657760771,45.630989249393856,-34.02438592456699
2025-01-08,463.42,call,417.08,2025-03-09,47.4146,52.5488,50.7855,2544,3003,0.1789,SPY250309C00417080,0.04556,0.1643835616438356,0.9443107912098755,0.0033421393085220417,21.10779271577147,-29.133194481644587
2025-01-08,463.42,put,417.08,2025-03-09,0.01,5.1442,1.9145,1978,5130,0.1789,SPY250309P00417080,0.04556,0.1643835616438356,-0.05568920879012451,0.0033421393085220417,21.10779271577147,-10.27281129452196
2025-01-08,463.42,call,440.25,2025-03-09,28.01,33.1442,31.7967,460,4458,0.1866,SPY250309C00440250,0.04556,0.1643835616438356,0.7923993043287125,0.008164688757911888,53.78475627351274,-45.85778943901194
2025-01-08,463.42,put,440.25,2025-03-09,1.7303,6.8645,4.7865,915,3688,0.1866,SPY250309P00440250,0.04556,0.1643835616438356,-0.20760069567128747,0.008164688757911888,53.78475627351274,-25.949657430450657
2025-01-08,463.42,call,463.42,2025-03-09,13.098,18.2322,14.8417,2716,4395,0.1874,SPY250309C00463420,0.04556,0.1643835616438356,0.5543105558778804,0.011225017740452689,74.26164312822281,-53.31384401241098
2025-01-08,463.42,put,463.42,2025-03-09,9.7002,14.8344,12.184,718,1877,0.1874,SPY250309P00463420,0.04556,0.1643835616438356,-0.44568944412211964,0.011225017740452689,74.26164312822281,-32.357963182411055
2025-01-08,463.42,call,486.59,2025-03-09,4.7857,9.9199,8.4887,1447,3548,0.1979,SPY250309C00486590,0.04556,0.1643835616438356,0.3175391874869484,0.00958629419885035,66.9737287756232,-46.68474125208434
2025-01-08,463.42,put,486.59,2025-03-09,24.6828,29.817,27.7689,457,3655,0.1979,SPY250309P00486590,0.04556,0.1643835616438356,-0.6824608125130516,0.00958629419885035,66.9737287756232,-24.68111160064577
2025-01-08,463.42,call,509.76,2025-03-09,0.01,5.1442,0.8052,1312,3948,0.1714,SPY250309C00509760,0.04556,0.1643835616438356,0.10954770839737277,0.005821579015706569,35.225692994933155,-20.602214926759363
2025-01-08,463.42,put,509.76,2025-03-09,41.1948,46.329,44.8456,4247,7275,0.1714,SPY250309P00509760,0.04556,0.1643835616438356,-0.8904522916026272,0.005821579015706569,35.225692994933155,2.4491635461178625
2025-01-09,454.14,call,408.73,2025-02-08,44.936,49.9774,47.0247,667,2556,0.2227,SPY250208C00408730,0.04565,0.0821917808219178,0.9591374462328066,0.0030239465448341695,11.415691617942612,-33.18458626912525
2025-01-09,454.14,put,408.73,2025-02-08,0.01,5.0514,0.01,4357,6619,0.2227,SPY250208P00408730,0.04565,0.0821917808219178,-0.04086255376719339,0.0030239465448341695,11.415691617942612,-14.595938402978184
2025-01-09,454.14,call,431.43,2025-02-08,24.9895,30.0309,28.951,3548,6784,0.2323,SPY250208C00431430,0.04565,0.0821917808219178,0.8050864399492601,0.009113403593561817,35.88704630408181,-66.1402823071358
2025-01-09,454.14,put,431.43,2025-02-08,0.8563,5.8977,2.2991,3857,4715,0.2323,SPY250208P00431430,0.04565,0.0821917808219178,-0.1949135600507399,0.009113403593561817,35.88704630408181,-46.519260241488986
2025-01-09,454.14,call,454.14,2025-02-08,11.048800000000002,16.695168000000002,13.19528,2039,4736,0.224,SPY250208C00454140,0.04565,0.0821917808219178,0.5360691616378578,0.013623171081776297,51.729005658724745,-81.03313382922067
2025-01-09,454.14,put,454.14,2025-02-08,8.2597,13.3011,9.9176,1583,2327,0.224,SPY250208P00454140,0.04565,0.0821917808219178,-0.4639308383621422,0.013623171081776297,51.729005658724745,-60.379282773677836
2025-01-09,454.14,call,476.85,2025-02-08,2.0384,7.0798,4.755,3570,4480,0.2311,SPY250208C00476850,0.04565,0.0821917808219178,0.2588987919443344,0.0107566806244882,42.13918397144308,-64.40149103072113
2025-01-09,454.14,put,476.85,2025-02-08,23.2763,28.3177,26.1564,4397,8037,0.2311,SPY250208P00476850,0.04565,0.0821917808219178,-0.7411012080556656,0.0107566806244882,42.13918397144308,-42.71481098528227
2025-01-09,454.14,call,499.55,2025-02-08,0.01,5.0514,0.01,4919,6485,0.2111,SPY250208C00499550,0.04565,0.0821917808219178,0.06910996057750299,0.004837276031547626,17.309997503479593,-23.6247283945163
2025-01-09,454.14,put,499.55,2025-02-08,43.1009,48.1423,45.2671,3441,5588,0.2111,SPY250208P00499550,0.04565,0.0821917808219178,-0.930890039422497,0.004837276031547626,17.309997503479593,-0.9056741495776777
2025-01-09,454.14,call,408.73,2025-02-23,47.5039,52.5453,49.6704,4254,7054,0.2751,SPY250223C00408730,0.04565,0.1232876712328767,0.8843889431753085,0.004441469941689326,31.06822761420486,-50.701505206121354
2025-01-09,454.14,put,408.73,2025-02-23,0.0632,5.1046,1.561,574,2344,0.2751,SPY250223P00408730,0.04565,0.1232876712328767,-0.11561105682469153,0.004441469941689326,31.06822761420486,-32.14769746191931
2025-01-09,454.14,call,431.43,2025-02-23,29.6654,34.7068,30.871,4010,7038,0.2795,SPY250223C00431430,0.04565,0.1232876712328767,0.7353739332868912,0.007343885094103635,52.19234929333311,-72.91537190940014
2025-01-09,454.14,put,431.43,2025-02-23,4.8477,9.8891,8.2453,2385,3190,0.2795,SPY250223P00431430,0.04565,0.1232876712328767,-0.26462606671310884,0.007343885094103635,52.19234929333311,-53.33112491240679
2025-01-09,454.14,call,454.14,2025-02-23,17.769136,23.415504,19.991104,1295,1866,0.2694,SPY250223C00454140,0.04565,0.1232876712328767,0.5425239613667712,0.009233924506596101,63.25328302276358,-79.5163465386947
2025-01-09,454.14,put,454.14,2025-02-23,13.3645,18.4059,16.2601,2117,4079,0.2694,SPY250223P00454140,0.04565,0.1232876712328767,-0.45747603863322883,0.009233924506596101,63.25328302276358,-58.90120635091325
2025-01-09,454.14,call,476.85,2025-02-23,6.5036,11.545,8.9248,2826,4677,0.267,SPY250223C00476850,0.04565,0.1232876712328767,0.3395879788272693,0.00860211251434449,58.40036220874672,-69.86065543561305
2025-01-09,454.14,put,476.85,2025-02-23,26.5048,31.5462,29.0452,4401,8378,0.267,SPY250223P00476850,0.04565,0.1232876712328767,-0.6604120211727307,0.00860211251434449,58.40036220874672,-48.21462205704347
2025-01-09,454.14,call,499.55,2025-02-23,1.3854,6.4268,3.7227,1598,3198,0.2651,SPY250223C00499550,0.04565,0.1232876712328767,0.179613729493721,0.006198954988521102,41.785670101795986,-48.46850939215024
2025-01-09,454.14,put,499.55,2025-02-23,44.2785,49.3199,46.9961,2479,3002,0.2651,SPY250223P00499550,0.04565,0.1232876712328767,-0.820386270506279,0.006198954988521102,41.785670101795986,-25.792036760789365
2025-01-09,454.14,call,408.73,2025-03-10,46.4321,51.4735,49.342,4971,5773,0.178,SPY250310C00408730,0.04565,0.1643835616438356,0.9451837995487643,0.0033851669035225304,20.428570873141553,-28.40721818695411
2025-01-09,454.14,put,408.73,2025-03-10,0.01,5.0514,0.01,4916,6258,0.178,SPY250310P00408730,0.04565,0.1643835616438356,-0.0548162004512357,0.0033851669035225304,20.428570873141553,-9.888185264945005
2025-01-09,454.14,call,431.43,2025-03-10,26.5304,31.5718,27.6836,4129,6446,0.172,SPY250310C00431430,0.04565,0.1643835616438356,0.8100578103526863,0.008566938272172633,49.9564974762925,-41.58911975118801
2025-01-09,454.14,put,431.43,2025-03-10,0.9317,5.9731,1.9614,4991,7956,0.172,SPY250310P00431430,0.04565,0.1643835616438356,-0.1899421896473137,0.008566938272172633,49.9564974762925,-22.041578896485905
2025-01-09,454.14,call,454.14,2025-03-10,14.666064,20.312432,15.933120000000002,423,1802,0.1927,SPY250310C00454140,0.04565,0.1643835616438356,0.5537384823371363,0.011141542045528223,72.7888596209436,-53.41944066399645
2025-01-09,454.14,put,454.14,2025-03-10,9.8955,14.9369,12.1464,546,1789,0.1927,SPY250310P00454140,0.04565,0.1643835616438356,-0.4462615176628637,0.011141542045528223,72.7888596209436,-32.84293878940633
2025-01-09,454.14,call,476.85,2025-03-10,4.5186,9.56,7.2549,3705,5412,0.1963,SPY250310C00476850,0.04565,0.1643835616438356,0.31595870258925474,0.009841065699441575,65.49382091690106,-45.331931632393086
2025-01-09,454.14,put,476.85,2025-03-10,23.588,28.6294,25.3622,3011,4416,0.1963,SPY250310P00476850,0.04565,0.1643835616438356,-0.6840412974107453,0.009841065699441575,65.49382091690106,-23.726468737914963
2025-01-09,454.14,call,499.55,2025-03-10,0.01,5.0514,2.6105,1016,1728,0.1861,SPY250310C00499550,0.04565,0.1643835616438356,0.13010630871412115,0.006177082128784606,38.97334176614667,-24.659614319183273
2025-01-09,454.14,put,499.55,2025-03-10,41.8329,46.8743,43.5454,1036,2039,0.1861,SPY250310P00499550,0.04565,0.1643835616438356,-0.8698936912858788,0.006177082128784606,38.97334176614667,-2.025643492012154
2025-01-10,471.92,call,424.73,2025-02-09,47.4314,52.6506,49.1452,4352,7090,0.2099,SPY250209C00424730,0.04569,0.0821917808219178,0.9673555515625774,0.002569343166944146,9.871876387003608,-31.217650946059287
2025-01-10,471.92,put,424.73,2025-02-09,0.01,5.2292,0.01,3007,3802,0.2099,SPY250209P00424730,0.04569,0.0821917808219178,-0.032644448437422646,0.002569343166944146,9.871876387003608,-11.884476432102238
2025-01-10,471.92,call,448.32,2025-02-09,26.2757,31.4949,27.5633,2269,3924,0.2259,SPY250209C00448320,0.04569,0.0821917808219178,0.811250564849936,0.008842808756914967,36.56550873684403,-66.43706226822428
2025-01-10,471.92,put,448.32,2025-02-09,0.6023,5.8215,4.3444,1555,2231,0.2259,SPY250209P00448320,0.04569,0.0821917808219178,-0.18874943515006404,0.008842808756914967,36.56550873684403,-46.03010067357069
2025-01-10,471.92,call,471.92,2025-02-09,8.8779,14.0971,12.7197,3164,6648,0.1983,SPY250209C00471920,0.04569,0.0821917808219178,0.5376366522466379,0.01480356634076854,53.73462533134381,-75.88443326247823
2025-01-10,471.92,put,471.92,2025-02-09,7.3264,12.5456,9.4145,1914,4027,0.1983,SPY250209P00471920,0.04569,0.0821917808219178,-0.4623633477533621,0.01480356634076854,53.73462533134381,-54.40322939972634
2025-01-10,471.92,call,495.52,2025-02-09,1.2246,6.4438,3.8235,1576,4633,0.2095,SPY250209C00495520,0.04569,0.0821917808219178,0.23578965797483575,0.010861802836759322,41.65346159414819,-57.99599446491113
2025-01-10,471.92,put,495.52,2025-02-09,22.6553,27.8745,24.1695,3119,4366,0.2095,SPY250209P00495520,0.04569,0.0821917808219178,-0.7642103420251642,0.010861802836759322,41.65346159414819,-35.44054833406095
2025-01-10,471.92,call,519.11,2025-02-09,0.01,5.2292,0.01,3640,6740,0.2255,SPY250209C00519110,0.04569,0.0821917808219178,0.08320941910535135,0.005019534722583925,20.719304145411304,-30.165115721976477
2025-01-10,471.92,put,519.11,2025-02-09,43.208,48.4272,45.1347,4755,7648,0.2255,SPY250209P00519110,0.04569,0.0821917808219178,-0.9167905808946486,0.005019534722583925,20.719304145411304,-6.535882510429747
2025-01-10,471.92,call,424.73,2025-02-24,49.6072,54.8264,53.4096,4006,4248,0.2658,SPY250224C00424730,0.04569,0.1232876712328767,0.8917503493594647,0.004220371995942861,30.80080908883667,-50.0559657818405
2025-01-10,471.92,put,424.73,2025-02-24,0.01,5.2292,1.5921,1107,3185,0.2658,SPY250224P00424730,0.04569,0.1232876712328767,-0.10824965064053527,0.004220371995942861,30.80080908883667,-30.759058553833253
2025-01-10,471.92,call,448.32,2025-02-24,30.3105,35.5297,34.3494,1241,2578,0.2691,SPY250224C00448320,0.04569,0.1232876712328767,0.742093726365957,0.007243959691658621,53.523701311905484,-72.88838497941227
2025-01-10,471.92,put,448.32,2025-02-24,4.6467,9.8659,8.2307,1787,2195,0.2691,SPY250224P00448320,0.04569,0.1232876712328767,-0.25790627363404295,0.007243959691658621,53.523701311905484,-52.51970499810601
2025-01-10,471.92,call,471.92,2025-02-24,16.0723,21.2915,16.7846,4912,5245,0.263,SPY250224C00471920,0.04569,0.1232876712328767,0.5426737701382358,0.009101898487340295,65.72705169843712,-80.95247476783702
2025-01-10,471.92,put,471.92,2025-02-24,13.6104,18.8296,16.366,347,4008,0.263,SPY250224P00471920,0.04569,0.1232876712328767,-0.4573262298617642,0.009101898487340295,65.72705169843712,-59.51156769972038
2025-01-10,471.92,call,495.52,2025-02-24,6.7793,11.9985,7.5557,1827,3320,0.2655,SPY250224C00495520,0.04569,0.1232876712328767,0.33855174904601426,0.008315013902507823,60.61553194256717,-72.13768132607423
2025-01-10,471.92,put,495.52,2025-02-24,27.8415,33.0607,28.2876,3586,5426,0.2655,SPY250224P00495520,0.04569,0.1232876712328767,-0.6614482509539857,0.008315013902507823,60.61553194256717,-49.62454717114722
2025-01-10,471.92,call,519.11,2025-02-24,1.3319,6.5511,4.7321,2300,6213,0.2617,SPY250224C00519110,0.04569,0.1232876712328767,0.17620034922598682,0.0059702234579145485,42.89935127349814,-49.149388107333365
2025-01-10,471.92,put,519.11,2025-02-24,45.249,50.4682,48.8133,4662,8008,0.2617,SPY250224P00519110,0.04569,0.1232876712328767,-0.8237996507740132,0.0059702234579145485,42.89935127349814,-25.564481199107338
2025-01-10,471.92,call,424.73,2025-03-11,48.3784,53.5976,51.0095,1529,2934,0.1831,SPY250311C00424730,0.04569,0.1643835616438356,0.9403219477239978,0.00338593974579217,22.69670024349356,-30.57208474492481
2025-01-10,471.92,put,424.73,2025-03-11,0.01,5.2292,1.4922,4617,6817,0.1831,SPY250311P00424730,0.04569,0.1643835616438356,-0.0596780522760022,0.00338593974579217,22.69670024349356,-11.311376768720713
2025-01-10,471.92,call,448.32,2025-03-11,28.5968,33.816,31.7086,2868,4284,0.1869,SPY250311C00448320,0.04569,0.1643835616438356,0.7921826666464218,0.008009694440153042,54.805027781467054,-46.8066928728658
2025-01-10,471.92,put,448.32,2025-03-11,1.7362,6.9554,4.5617,1581,2273,0.1869,SPY250311P00448320,0.04569,0.1643835616438356,-0.20781733335357822,0.008009694440153042,54.805027781467054,-26.47622269206431
2025-01-10,471.92,call,471.92,2025-03-11,13.454,18.6732,15.8996,1518,2081,0.1858,SPY250311C00471920,0.04569,0.1643835616438356,0.5546299506962833,0.011116529681129167,75.61537212671671,-53.96304668274162
2025-01-10,471.92,put,471.92,2025-03-11,9.8468,15.066,12.7809,2285,3688,0.1858,SPY250311P00471920,0.04569,0.1643835616438356,-0.4453700493037167,0.011116529681129167,75.61537212671671,-32.56236081611991
2025-01-10,471.92,call,495.52,2025-03-11,4.0146,9.2338,7.0938,3215,7052,0.1869,SPY250311C00495520,0.04569,0.1643835616438356,0.30608932982746856,0.009810546226680306,67.1270624019345,-44.453491875276896
2025-01-10,471.92,put,495.52,2025-03-11,23.9549,29.1741,26.6726,1518,2470,0.1869,SPY250311P00495520,0.04569,0.1643835616438356,-0.6939106701725315,0.009810546226680306,67.1270624019345,-21.982590322834994
2025-01-10,471.92,call,519.11,2025-03-11,0.01,5.2292,1.637,1743,4615,0.1719,SPY250311C00519110,0.04569,0.1643835616438356,0.11031503644836105,0.005728718404747113,36.05192873884795,-21.151013290586874
2025-01-10,471.92,put,519.11,2025-03-11,42.4252,47.6444,44.863,560,2563,0.1719,SPY250311P00519110,0.04569,0.1643835616438356,-0.889684963551639,0.005728718404747113,36.05192873884795,2.3896504664524336
2025-01-13,465.13,call,418.62,2025-02-12,46.2376,51.3889,49.7375,1659,5446,0.212,SPY250212C00418620,0.0457,0.0821917808219178,0.9660438363267582,0.002666142887223471,10.050701509711915,-31.28180753703615
2025-01-13,465.13,put,418.62,2025-02-12,0.01,5.1613,3.382,2741,5555,0.212,SPY250212P00418620,0.0457,0.0821917808219178,-0.033956163673241835,0.002666142887223471,10.050701509711915,-12.222597681783975
2025-01-13,465.13,call,441.87,2025-02-12,25.2667,30.418,26.7549,2013,5761,0.2197,SPY250212C00441870,0.0457,0.0821917808219178,0.8174297634384748,0.00903652059475093,35.302738282559176,-63.28226974684214
2025-01-13,465.13,put,441.87,2025-02-12,0.4348,5.5861,2.2712,3890,7271,0.2197,SPY250212P00441870,0.0457,0.0821917808219178,-0.18257023656152516,0.00903652059475093,35.302738282559176,-43.164518424066635
2025-01-13,465.13,call,465.13,2025-02-12,9.5473,14.6986,14.5263,4349,7177,0.2124,SPY250212C00465130,0.0457,0.0821917808219178,0.5367030484852165,0.01402567695391574,52.97310596817307,-79.29878835573322
2025-01-13,465.13,put,465.13,2025-02-12,7.6949,12.8462,8.3259,3985,6550,0.2124,SPY250212P00465130,0.0457,0.0821917808219178,-0.46329695151478345,0.01402567695391574,52.97310596817307,-58.122040278781704
2025-01-13,465.13,call,488.39,2025-02-12,2.7673,7.9186,5.7453,1654,2316,0.2459,SPY250212C00488390,0.0457,0.0821917808219178,0.27303577528181083,0.01013990972511952,44.33734780416322,-71.88517391974887
2025-01-13,465.13,put,488.39,2025-02-12,24.8833,30.0346,26.4883,2846,5262,0.2459,SPY250212P00488390,0.0457,0.0821917808219178,-0.7269642247181891,0.01013990972511952,44.33734780416322,-49.64942908862133
2025-01-13,465.13,call,511.64,2025-02-12,0.01,5.1613,2.1684,1037,3455,0.2214,SPY250212C00511640,0.0457,0.0821917808219178,0.07918564880740742,0.0049967090125673476,19.671558497040966,-28.130710104112755
2025-01-13,465.13,put,511.64,2025-02-12,42.523,47.6743,45.2823,768,4076,0.2214,SPY250212P00511640,0.0457,0.0821917808219178,-0.9208143511925926,0.0049967090125673476,19.671558497040966,-4.836423805461898
2025-01-13,465.13,call,418.62,2025-02-27,48.8653,54.0166,51.1165,3708,6155,0.2711,SPY250227C00418620,0.0457,0.1232876712328767,0.887541852274351,0.0043146768604123255,31.19939307083642,-50.82049063160135
2025-01-13,465.13,put,418.62,2025-02-27,0.01,5.1613,3.328,1048,2314,0.2711,SPY250227P00418620,0.0457,0.1232876712328767,-0.112458147725649,0.0043146768604123255,31.19939307083642,-31.797041947247248
2025-01-13,465.13,call,441.87,2025-02-27,29.4365,34.5878,30.6013,1695,2197,0.2579,SPY250227C00441870,0.0457,0.1232876712328767,0.7498501355914384,0.007547001450609994,51.91515178323501,-68.76130565326048
2025-01-13,465.13,put,441.87,2025-02-27,4.0322,9.1835,7.3017,1781,5003,0.2579,SPY250227P00441870,0.0457,0.1232876712328767,-0.2501498644085616,0.007547001450609994,51.91515178323501,-48.68130166359074
2025-01-13,465.13,call,465.13,2025-02-27,17.5196,22.6709,19.9863,2612,3512,0.285,SPY250227C00465130,0.0457,0.1232876712328767,0.5423429253468506,0.008522668110875304,64.7871370719395,-85.5044925350966
2025-01-13,465.13,put,465.13,2025-02-27,14.3875,19.5388,18.611,2283,3476,0.285,SPY250227P00465130,0.0457,0.1232876712328767,-0.4576570746531494,0.008522668110875304,64.7871370719395,-64.36747880772184
2025-01-13,465.13,call,488.39,2025-02-27,5.7734,10.9247,7.6155,799,4080,0.2522,SPY250227C00488390,0.0457,0.1232876712328767,0.3288293205346544,0.008779855879837303,59.06100350694766,-67.01022715000329
2025-01-13,465.13,put,488.39,2025-02-27,26.6928,31.8441,29.8039,2713,5992,0.2522,SPY250227P00488390,0.0457,0.1232876712328767,-0.6711706794653456,0.008779855879837303,59.06100350694766,-44.81620368492351
2025-01-13,465.13,call,511.64,2025-02-27,2.4003,7.5516,5.2218,1409,1855,0.2856,SPY250227C00511640,0.0457,0.1232876712328767,0.19932104166752063,0.005989877857980751,45.62937521531268,-56.861722745283494
2025-01-13,465.13,put,511.64,2025-02-27,45.8015,50.9528,47.8101,3312,6584,0.2856,SPY250227P00511640,0.0457,0.1232876712328767,-0.8006789583324794,0.005989877857980751,45.62937521531268,-33.61114397488807
2025-01-13,465.13,call,418.62,2025-03-14,46.9659,52.1172,49.9823,606,2243,0.1819,SPY250314C00418620,0.0457,0.1643835616438356,0.94147274602291,0.003405617638919315,22.031074277398613,-29.892525860194482
2025-01-13,465.13,put,418.62,2025-03-14,0.01,5.1613,0.7756,1189,2704,0.1819,SPY250314P00418620,0.0457,0.1643835616438356,-0.05852725397709002,0.003405617638919315,22.031074277398613,-10.90477124734904
2025-01-13,465.13,call,441.87,2025-03-14,28.4984,33.6497,31.5893,1340,4517,0.1867,SPY250314C00441870,0.0457,0.1643835616438356,0.7924115558846676,0.008130031557577388,53.981337188667595,-46.08913850242337
2025-01-13,465.13,put,441.87,2025-03-14,1.6442,6.7955,4.7111,2852,5502,0.1867,SPY250314P00441870,0.0457,0.1643835616438356,-0.2075884441153324,0.008130031557577388,53.981337188667595,-26.04681101979469
2025-01-13,465.13,call,465.13,2025-03-14,14.827,19.9783,18.6833,2693,4824,0.2098,SPY250314C00465130,0.0457,0.1643835616438356,0.5520518353523894,0.009997312603937323,74.59261716705694,-58.534556295620035
2025-01-13,465.13,put,465.13,2025-03-14,11.5775,16.7288,13.9153,4866,5936,0.2098,SPY250314P00465130,0.0457,0.1643835616438356,-0.44794816464761056,0.009997312603937323,74.59261716705694,-37.437202363479194
2025-01-13,465.13,call,488.39,2025-03-14,5.2018,10.3531,6.5623,3661,5695,0.2042,SPY250314C00488390,0.0457,0.1643835616438356,0.32373935933089976,0.009331397149845704,67.76563316582747,-48.6154076691973
2025-01-13,465.13,put,488.39,2025-03-14,24.8369,29.9882,26.7883,1924,5008,0.2042,SPY250314P00488390,0.0457,0.1643835616438356,-0.6762606406691003,0.009331397149845704,67.76563316582747,-26.463027287544293
2025-01-13,465.13,call,511.64,2025-03-14,0.2453,5.3966,1.9303,2491,6158,0.2002,SPY250314C00511640,0.0457,0.1643835616438356,0.14893717011740942,0.006146429890201055,43.76169091289986,-29.685982330091647
2025-01-13,465.13,put,511.64,2025-03-14,42.871,48.0223,47.9392,1926,5169,0.2002,SPY250314P00511640,0.0457,0.1643835616438356,-0.8510628298825906,0.006146429890201055,43.76169091289986,-6.479029078655401
2025-01-14,478.55,call,430.69,2025-02-13,48.0029,53.2884,48.9159,3452,7164,0.2072,SPY250213C00430690,0.04552,0.0821917808219178,0.969018100307235,0.0024582841041491115,9.587488485587832,-30.925680572554654
2025-01-14,478.55,put,430.69,2025-02-13,0.01,5.2955,0.9754,4717,6853,0.2072,SPY250213P00430690,0.04552,0.0821917808219178,-0.03098189969276499,0.0024582841041491115,9.587488485587832,-11.393884318634857
2025-01-14,478.55,call,454.62,2025-02-13,26.1302,31.4157,27.8793,4810,6970,0.2051,SPY250213C00454620,0.04552,0.0821917808219178,0.8328407463130745,0.008896117477249643,34.34386759048052,-59.709188270049616
2025-01-14,478.55,put,454.62,2025-02-13,0.01,5.2955,2.2213,4468,7729,0.2051,SPY250213P00454620,0.04552,0.0821917808219178,-0.16715925368692552,0.008896117477249643,34.34386759048052,-39.0921662519925
2025-01-14,478.55,call,478.55,2025-02-13,11.1355,16.421,12.214,2460,5029,0.2371,SPY250213C00478550,0.04552,0.0821917808219178,0.5354701904505926,0.012215630525037637,54.51681481296828,-89.66617339661603
2025-01-14,478.55,put,478.55,2025-02-13,9.5002,14.7857,13.9635,692,3163,0.2371,SPY250213P00478550,0.04552,0.0821917808219178,-0.46452980954940737,0.012215630525037637,54.51681481296828,-67.9639256144216
2025-01-14,478.55,call,502.48,2025-02-13,1.7671,7.0526,3.8342,572,1152,0.2231,SPY250213C00502480,0.04552,0.0821917808219178,0.2506593225843093,0.010396500958158125,43.65859944989796,-64.51131039802507
2025-01-14,478.55,put,502.48,2025-02-13,23.9395,29.225,26.5725,3550,6985,0.2231,SPY250213P00502480,0.04552,0.0821917808219178,-0.7493406774156908,0.010396500958158125,43.65859944989796,-41.72383685169332
2025-01-14,478.55,call,526.41,2025-02-13,0.01,5.2955,0.01,2291,3650,0.2182,SPY250213C00526410,0.04552,0.0821917808219178,0.07597703503234148,0.004775444751837039,19.6133420627261,-27.644126153700455
2025-01-14,478.55,put,526.41,2025-02-13,43.4152,48.7007,44.8765,4528,8210,0.2182,SPY250213P00526410,0.04552,0.0821917808219178,-0.9240229649676586,0.004775444751837039,19.6133420627261,-3.771426843231392
2025-01-14,478.55,call,430.69,2025-02-28,49.6244,54.9099,52.9262,2239,5855,0.2678,SPY250228C00430690,0.04552,0.1232876712328767,0.890147088297106,0.004174700036198589,31.565315810964766,-51.27159253385605
2025-01-14,478.55,put,430.69,2025-02-28,0.01,5.2955,3.9099,4992,7018,0.2678,SPY250228P00430690,0.04552,0.1232876712328767,-0.10985291170289402,0.004174700036198589,31.565315810964766,-31.77629996278372
2025-01-14,478.55,call,454.62,2025-02-28,31.8943,37.1798,33.4344,2466,4865,0.2754,SPY250228C00454620,0.04552,0.1232876712328767,0.7378995845358447,0.007038492213449688,54.72904385618376,-75.64427176671342
2025-01-14,478.55,put,454.62,2025-02-28,5.1748,10.4603,8.0304,4675,5506,0.2754,SPY250228P00454620,0.04552,0.1232876712328767,-0.2621004154641553,0.007038492213449688,54.72904385618376,-55.0657816493183
2025-01-14,478.55,call,478.55,2025-02-28,17.1051,22.3906,18.7868,1372,3837,0.2742,SPY250228C00478550,0.04552,0.1232876712328767,0.5423790473934009,0.00860985445540712,66.65573949019075,-85.04196949110035
2025-01-14,478.55,put,478.55,2025-02-28,14.2721,19.5576,16.2051,1477,2203,0.2742,SPY250228P00478550,0.04552,0.1232876712328767,-0.4576209526065991,0.00860985445540712,66.65573949019075,-63.38028182738244
2025-01-14,478.55,call,502.48,2025-02-28,8.7793,14.0648,10.9706,3000,3318,0.2948,SPY250228C00502480,0.04552,0.1232876712328767,0.35739628145391666,0.007533525223823192,62.704688734481444,-82.23661623657517
2025-01-14,478.55,put,502.48,2025-02-28,29.9531,35.2386,34.2587,2692,6277,0.2948,SPY250228P00502480,0.04552,0.1232876712328767,-0.6426037185460833,0.007533525223823192,62.704688734481444,-59.49173102653449
2025-01-14,478.55,call,526.41,2025-02-28,1.9025,7.188,4.11,540,1678,0.275,SPY250228C00526410,0.04552,0.1232876712328767,0.1892223234498659,0.005857855312969598,45.482635794411095,-54.63844488486523
2025-01-14,478.55,put,526.41,2025-02-28,46.0059,51.2914,48.1409,1005,1962,0.275,SPY250228P00526410,0.04552,0.1232876712328767,-0.8107776765501341,0.005857855312969598,45.482635794411095,-30.810362128501758
2025-01-14,478.55,call,430.69,2025-03-15,50.5417,55.8272,53.3398,3682,4291,0.1872,SPY250315C00430690,0.04552,0.1643835616438356,0.9363531572701465,0.003434286190263221,24.20222839134043,-31.80599363789231
2025-01-14,478.55,put,430.69,2025-03-15,0.01,5.2955,1.6222,4024,6025,0.1872,SPY250315P00430690,0.04552,0.1643835616438356,-0.06364684272985355,0.003434286190263221,24.20222839134043,-12.347136526609832
2025-01-14,478.55,call,454.62,2025-03-15,28.6432,33.9287,31.7866,4219,5968,0.1848,SPY250315C00454620,0.04552,0.1643835616438356,0.7944596253673621,0.007936537733784575,55.2136018716503,-46.90250445351046
2025-01-14,478.55,put,454.62,2025-03-15,1.6739,6.9594,5.5121,4609,5223,0.1848,SPY250315P00454620,0.04552,0.1643835616438356,-0.20554037463263786,0.007936537733784575,55.2136018716503,-26.362474223109846
2025-01-14,478.55,call,478.55,2025-03-15,12.7393,18.0248,15.8853,1931,2453,0.178,SPY250315C00478550,0.04552,0.1643835616438356,0.5555784716271243,0.011439091655187151,76.65219030215543,-52.89401877887062
2025-01-14,478.55,put,478.55,2025-03-15,9.2354,14.5209,11.3084,3429,3754,0.178,SPY250315P00478550,0.04552,0.1643835616438356,-0.44442152837287574,0.011439091655187151,76.65219030215543,-31.27281542935187
2025-01-14,478.55,call,502.48,2025-03-15,3.9197,9.2052,4.9937,1779,4688,0.1844,SPY250315C00502480,0.04552,0.1643835616438356,0.30320941570254034,0.009764652642800563,67.78455394854215,-44.321637856943376
2025-01-14,478.55,put,502.48,2025-03-15,24.7103,29.9958,26.7423,2353,3088,0.1844,SPY250315P00502480,0.04552,0.1643835616438356,-0.6967905842974597,0.009764652642800563,67.78455394854215,-21.619261388306487
2025-01-14,478.55,call,526.41,2025-03-15,0.01,5.2955,2.6509,3509,4266,0.1928,SPY250315C00526410,0.04552,0.1643835616438356,0.1390514228322059,0.005922540691762003,42.98610645860145,-28.1210997014983
2025-01-14,478.55,put,526.41,2025-03-15,44.2102,49.4957,46.8714,1994,2985,0.1928,SPY250315P00526410,0.04552,0.1643835616438356,-0.860948577167794,0.005922540691762003,42.98610645860145,-4.33755011374328
2025-01-15,461.2,call,415.08,2025-02-14,44.8168,49.9288,47.6374,3239,3845,0.2458,SPY250214C00415080,0.04437,0.0821917808219178,0.9431895419294111,0.0035113880890534394,15.089251517223092,-39.714310772499246
2025-01-15,461.2,put,415.08,2025-02-14,0.01,5.122,2.0472,4992,8124,0.2458,SPY250214P00415080,0.04437,0.0821917808219178,-0.05681045807058893,0.0035113880890534394,15.089251517223092,-21.364253239101515
2025-01-15,461.2,call,438.14,2025-02-14,25.0346,30.1466,28.1792,2718,5867,0.2118,SPY250214C00438140,0.04437,0.0821917808219178,0.8251456420995339,0.009199884033317344,34.06554145890129,-59.562816000314506
2025-01-15,461.2,put,438.14,2025-02-14,0.1219,5.2339,2.7683,3041,3483,0.2118,SPY250214P00438140,0.04437,0.0821917808219178,-0.1748543579004661,0.009199884033317344,34.06554145890129,-40.19331082617246
2025-01-15,461.2,call,461.2,2025-02-14,8.7895,13.9015,10.0417,843,4011,0.2,SPY250214C00461200,0.04437,0.0821917808219178,0.536758845065695,0.015022000678243243,52.52484269500319,-74.38379197733592
2025-01-15,461.2,put,461.2,2025-02-14,7.0872,12.1992,10.5499,3208,5081,0.2,SPY250214P00461200,0.04437,0.0821917808219178,-0.46324115493430496,0.015022000678243243,52.52484269500319,-53.99483916244955
2025-01-15,461.2,call,484.26,2025-02-14,1.5171,6.6291,5.567,3993,7428,0.2183,SPY250214C00484260,0.04437,0.0821917808219178,0.2450896782968886,0.01089336279403476,41.57408416160057,-60.04496784403925
2025-01-15,461.2,put,484.26,2025-02-14,22.9944,28.1064,24.2866,4777,7117,0.2183,SPY250214P00484260,0.04437,0.0821917808219178,-0.7549103217031115,0.01089336279403476,41.57408416160057,-38.636567388408565
2025-01-15,461.2,call,507.32,2025-02-14,0.01,5.122,2.4343,4372,7632,0.2108,SPY250214C00507320,0.04437,0.0821917808219178,0.06857059341703277,0.004741279584411707,17.47322863585045,-23.773769690072083
2025-01-15,461.2,put,507.32,2025-02-14,43.31,48.422,45.9915,1229,3130,0.2108,SPY250214P00507320,0.04437,0.0821917808219178,-0.9314294065829672,0.004741279584411707,17.47322863585045,-1.3459215936970814
2025-01-15,461.2,call,415.08,2025-03-01,47.1766,52.2886,49.4524,914,4822,0.35397,SPY250301C00415080,0.04437,0.1232876712328767,0.8299265812280161,0.0044158776045584115,40.990359750669754,-73.43479049406785
2025-01-15,461.2,put,415.08,2025-03-01,0.01,5.122,2.0672,1101,3188,0.35397,SPY250301P00415080,0.04437,0.1232876712328767,-0.1700734187719839,0.0044158776045584115,40.990359750669754,-55.11816242073041
2025-01-15,461.2,call,438.14,2025-03-01,31.0649,36.1769,33.2821,3151,5288,0.384075,SPY250301C00438140,0.04437,0.1232876712328767,0.687346654728512,0.005693244115818553,57.34216575095155,-101.65620295841225
2025-01-15,461.2,put,438.14,2025-03-01,5.3263,10.4383,6.2258,3289,4222,0.384075,SPY250301P00438140,0.04437,0.1232876712328767,-0.312653345271488,0.005693244115818553,57.34216575095155,-82.32198443655606
2025-01-15,461.2,call,461.2,2025-03-01,15.9267,21.0387,17.3485,3758,4668,0.35991,SPY250301C00461200,0.04437,0.1232876712328767,0.5423965429943621,0.00680620976637524,64.2388104130948,-103.77956214266183
2025-01-15,461.2,put,461.2,2025-03-01,13.3188,18.4308,17.0895,1106,4970,0.35991,SPY250301P00461200,0.04437,0.1232876712328767,-0.45760345700563787,0.00680620976637524,64.2388104130948,-83.4277531722869
2025-01-15,461.2,call,484.26,2025-03-01,7.3639,12.4759,10.1434,1879,3920,0.374085,SPY250301C00484260,0.04437,0.1232876712328767,0.39583987847515467,0.006359770543452714,62.3892820098834,-102.051217075602
2025-01-15,461.2,put,484.26,2025-03-01,28.0008,33.1128,31.6602,1107,3364,0.374085,SPY250301P00484260,0.04437,0.1232876712328767,-0.6041601215248453,0.006359770543452714,62.3892820098834,-80.6818176567083
2025-01-15,461.2,call,507.32,2025-03-01,0.705,5.817,0.9254,4459,5812,0.331155,SPY250301C00507320,0.04437,0.1232876712328767,0.2374579266242391,0.005763318591822944,50.04978209183082,-71.76338923157844
2025-01-15,461.2,put,507.32,2025-03-01,44.2233,49.3353,46.3169,2360,4566,0.331155,SPY250301P00507320,0.04437,0.1232876712328767,-0.7625420733757609,0.005763318591822944,50.04978209183082,-49.37639936416602
2025-01-15,461.2,call,415.08,2025-03-16,47.0344,52.1464,51.6985,4677,5815,0.1759,SPY250316C00415080,0.04437,0.1643835616438356,0.9468747347702317,0.0032905004200150995,20.237868665113226,-27.990365030152553
2025-01-15,461.2,put,415.08,2025-03-16,0.01,5.122,0.1247,1861,3347,0.1759,SPY250316P00415080,0.04437,0.1643835616438356,-0.05312526522976835,0.0032905004200150995,20.237868665113226,-9.707105516314295
2025-01-15,461.2,call,438.14,2025-03-16,28.305,33.417,29.7998,4920,5884,0.2002,SPY250316C00438140,0.04437,0.1643835616438356,0.7770803779688608,0.00796929319160606,55.78543978600705,-48.48538712253506
2025-01-15,461.2,put,438.14,2025-03-16,2.4162,7.5282,3.4206,336,3855,0.2002,SPY250316P00438140,0.04437,0.1643835616438356,-0.22291962203113924,0.00796929319160606,55.78543978600705,-29.18639096903912
2025-01-15,461.2,call,461.2,2025-03-16,13.1906,18.3026,15.9801,4545,6990,0.19,SPY250316C00461200,0.04437,0.1643835616438356,0.5529818041447805,0.01112974928273869,73.93940736528943,-53.343122504014644
2025-01-15,461.2,put,461.2,2025-03-16,9.8788,14.9908,12.6913,3822,4972,0.19,SPY250316P00461200,0.04437,0.1643835616438356,-0.4470181958552195,0.01112974928273869,73.93940736528943,-33.02838971086102
2025-01-15,461.2,call,484.26,2025-03-16,4.3646,9.4766,7.5393,594,2349,0.1921,SPY250316C00484260,0.04437,0.1643835616438356,0.3107076851923386,0.00983117957914951,66.0343606246679,-44.63671868859259
2025-01-15,461.2,put,484.26,2025-03-16,23.8002,28.9122,26.0414,1508,3290,0.1921,SPY250316P00484260,0.04437,0.1643835616438356,-0.6892923148076614,0.00983117957914951,66.0343606246679,-23.30624925578129
2025-01-15,461.2,call,507.32,2025-03-16,0.01,5.122,2.7016,2285,5459,0.1912,SPY250316C00507320,0.04437,0.1643835616438356,0.13640058753105716,0.006115906231205139,40.88704171289795,-26.463804672104505
2025-01-15,461.2,put,507.32,2025-03-16,42.4633,47.5753,46.665,3906,4110,0.1912,SPY250316P00507320,0.04437,0.1643835616438356,-0.8635994124689428,0.006115906231205139,40.88704171289795,-4.117598599635528
2025-01-16,462.5,call,416.25,2025-02-15,45.8573,50.9823,48.171,3030,5371,0.1986,SPY250215C00416250,0.04427,0.0821917808219178,0.9739831638724432,0.0022947864673350878,8.012598634585435,-27.496437460819642
2025-01-16,462.5,put,416.25,2025-02-15,0.01,5.135,0.01,4668,6254,0.1986,SPY250215P00416250,0.04427,0.0821917808219178,-0.026016836127556786,0.0022947864673350878,8.012598634585435,-9.13597857025293
2025-01-16,462.5,call,439.38,2025-02-15,24.8211,29.9461,26.1539,1141,4356,0.2026,SPY250215C00439380,0.04427,0.0821917808219178,0.8351168285868118,0.009236234357314608,32.89926908738226,-56.44575260322619
2025-01-16,462.5,put,439.38,2025-02-15,0.01,5.135,1.8665,3998,7974,0.2026,SPY250215P00439380,0.04427,0.0821917808219178,-0.1648831714131882,0.009236234357314608,32.89926908738226,-37.06504767268637
2025-01-16,462.5,call,462.5,2025-02-15,10.0253,15.1503,13.3609,3652,4907,0.2238,SPY250215C00462500,0.04427,0.0821917808219178,0.535376095584075,0.013390971544367513,52.6894947161907,-82.13479988534374
2025-01-16,462.5,put,462.5,2025-02-15,8.4356,13.5606,11.6586,4774,7202,0.2238,SPY250215P00462500,0.04427,0.0821917808219178,-0.46462390441592505,0.013390971544367513,52.6894947161907,-61.73429000693628
2025-01-16,462.5,call,485.62,2025-02-15,1.0423,6.1673,4.9481,1118,2904,0.2061,SPY250215C00485620,0.04427,0.0821917808219178,0.23134176028149162,0.01114751285623029,40.39316076815428,-55.22224471046174
2025-01-16,462.5,put,485.62,2025-02-15,22.0957,27.2207,25.0598,4642,7758,0.2061,SPY250215P00485620,0.04427,0.0821917808219178,-0.7686582397185084,0.01114751285623029,40.39316076815428,-33.80192988418665
2025-01-16,462.5,call,508.75,2025-02-15,0.01,5.135,1.1779,3349,5543,0.207,SPY250215C00508750,0.04427,0.0821917808219178,0.06488007288782204,0.004612965024153708,16.788131859243368,-22.435236294514755
2025-01-16,462.5,put,508.75,2025-02-15,43.3274,48.4524,47.4504,3618,3935,0.207,SPY250215P00508750,0.04427,0.0821917808219178,-0.935119927112178,0.004612965024153708,16.788131859243368,0.005324571733446248
2025-01-16,462.5,call,416.25,2025-03-02,47.9524,53.0774,51.1556,3097,5667,0.272,SPY250302C00416250,0.04427,0.1232876712328767,0.8864932481234132,0.004353598760298199,31.229169025197944,-50.33985385593373
2025-01-16,462.5,put,416.25,2025-03-02,0.01,5.135,3.7665,1142,1710,0.272,SPY250302P00416250,0.04427,0.1232876712328767,-0.11350675187658676,0.004353598760298199,31.229169025197944,-32.01276805760113
2025-01-16,462.5,call,439.38,2025-03-02,30.2756,35.4006,32.9604,996,2331,0.264,SPY250302C00439380,0.04427,0.1232876712328767,0.744875907517292,0.007491842364250749,52.15977161657201,-69.6626504223373
2025-01-16,462.5,put,439.38,2025-03-02,4.3642,9.4892,9.4892,333,4060,0.264,SPY250302P00439380,0.04427,0.1232876712328767,-0.25512409248270795,0.007491842364250749,52.15977161657201,-50.317173045589236
2025-01-16,462.5,call,462.5,2025-03-02,16.5994,21.7244,18.9487,4426,7377,0.2774,SPY250302C00462500,0.04427,0.1232876712328767,0.5417074613996664,0.008807446423968227,64.43170001264181,-82.72767754322153
2025-01-16,462.5,put,462.5,2025-03-02,14.1418,19.2668,17.1165,4799,6451,0.2774,SPY250302P00462500,0.04427,0.1232876712328767,-0.4582925386003336,0.008807446423968227,64.43170001264181,-62.36424887840754
2025-01-16,462.5,call,485.62,2025-03-02,5.3163,10.4413,6.2986,4265,6524,0.2442,SPY250302C00485620,0.04427,0.1232876712328767,0.3219069004856148,0.009040015650428472,58.2180916456004,-63.89646459416766
2025-01-16,462.5,put,485.62,2025-03-02,25.6571,30.7821,28.0967,4287,7259,0.2442,SPY250302P00485620,0.04427,0.1232876712328767,-0.6780930995143852,0.009040015650428472,58.2180916456004,-42.515084641287714
2025-01-16,462.5,call,508.75,2025-03-02,1.0066,6.1316,5.7016,367,3592,0.2553,SPY250302C00508750,0.04427,0.1232876712328767,0.1691508052822306,0.006084077662069647,40.962710614777706,-45.71632040558389
2025-01-16,462.5,put,508.75,2025-03-02,44.9192,50.0442,47.9861,585,1697,0.2553,SPY250302P00508750,0.04427,0.1232876712328767,-0.8308491947177694,0.006084077662069647,40.962710614777706,-23.316548874288493
2025-01-16,462.5,call,416.25,2025-03-17,47.6498,52.7748,49.1054,1943,4909,0.1928,SPY250317C00416250,0.04427,0.1643835616438356,0.9305675275892596,0.0036906494295575677,25.020252239270523,-31.494232267473613
2025-01-16,462.5,put,416.25,2025-03-17,0.01,5.135,1.6161,4039,4761,0.1928,SPY250317P00416250,0.04427,0.1643835616438356,-0.06943247241074035,0.0036906494295575677,25.020252239270523,-13.200458900402984
2025-01-16,462.5,call,439.38,2025-03-17,28.1882,33.3132,31.3717,382,2621,0.1913,SPY250317C00439380,0.04427,0.1643835616438356,0.7863403471796782,0.008115776638670764,54.59173739302642,-46.50054057044372
2025-01-16,462.5,put,439.38,2025-03-17,1.9378,7.0628,4.9723,4737,5943,0.1913,SPY250317P00439380,0.04427,0.1643835616438356,-0.21365965282032184,0.008115776638670764,54.59173739302642,-27.190226715732628
2025-01-16,462.5,call,462.5,2025-03-17,12.4854,17.6104,14.2179,882,3360,0.1782,SPY250317C00462500,0.04427,0.1643835616438356,0.5544247140437482,0.01182755048346063,74.11128956077975,-50.85684960735983
2025-01-16,462.5,put,462.5,2025-03-17,9.1268,14.2518,11.4309,3362,6539,0.1782,SPY250317P00462500,0.04427,0.1643835616438356,-0.44557528595625184,0.01182755048346063,74.11128956077975,-30.530434755059133
2025-01-16,462.5,call,485.62,2025-03-17,3.6466,8.7716,5.5977,1675,3269,0.1824,SPY250317C00485620,0.04427,0.1643835616438356,0.30005983514720574,0.010166439630635328,65.20420139978356,-42.04148505681015
2025-01-16,462.5,put,485.62,2025-03-17,23.1694,28.2944,25.1798,1775,3454,0.1824,SPY250317P00485620,0.04427,0.1643835616438356,-0.6999401648527943,0.010166439630635328,65.20420139978356,-20.69896920691985
2025-01-16,462.5,call,508.75,2025-03-17,0.01,5.135,1.7491,2712,5769,0.1891,SPY250317C00508750,0.04427,0.1643835616438356,0.13352461479775318,0.006076963769169837,40.40731897959175,-25.87315499750295
2025-01-16,462.5,put,508.75,2025-03-17,42.3452,47.4702,45.1357,728,4008,0.1891,SPY250317P00508750,0.04427,0.1643835616438356,-0.8664753852022469,0.006076963769169837,40.40731897959175,-3.5140986599721806
2025-01-17,462.18,call,415.96,2025-02-16,45.1248,50.2466,48.7404,4886,7896,0.2285,SPY250216C00415960,0.04464,0.0821917808219178,0.9551681850619326,0.003121239914483048,12.521721584891305,-34.95570578059718
2025-01-17,462.18,put,415.96,2025-02-16,0.01,5.1318,0.01,549,1864,0.2285,SPY250216P00415960,0.04464,0.0821917808219178,-0.04483181493806743,0.003121239914483048,12.521721584891305,-16.455254972603175
2025-01-17,462.18,call,439.07,2025-02-16,24.8452,29.967,28.9781,1568,5239,0.2187,SPY250216C00439070,0.04464,0.0821917808219178,0.818057581063743,0.009116135980529587,35.00340270631795,-62.2120611571214
2025-01-17,462.18,put,439.07,2025-02-16,0.4546,5.5764,4.2455,3873,6655,0.2187,SPY250216P00439070,0.04464,0.0821917808219178,-0.18194241893625696,0.009116135980529587,35.00340270631795,-42.68375810811206
2025-01-17,462.18,call,462.18,2025-02-16,9.0851,14.2069,11.0043,3019,3632,0.206,SPY250216C00462180,0.04464,0.0821917808219178,0.5365138697535045,0.014554367339706616,52.639437410722095,-76.51133336951565
2025-01-17,462.18,put,462.18,2025-02-16,7.4361,12.5579,10.1806,4704,8173,0.206,SPY250216P00462180,0.04464,0.0821917808219178,-0.46348613024649554,0.014554367339706616,52.639437410722095,-55.95517807949097
2025-01-17,462.18,call,485.29,2025-02-16,1.9333,7.0551,5.0571,904,1319,0.2269,SPY250216C00485290,0.04464,0.0821917808219178,0.2542606552077904,0.010664323101720646,42.483322785205246,-63.68773129512515
2025-01-17,462.18,put,485.29,2025-02-16,22.8255,27.9473,26.0582,3523,5510,0.2269,SPY250216P00485290,0.04464,0.0821917808219178,-0.7457393447922096,0.010664323101720646,42.483322785205246,-42.10372376408512
2025-01-17,462.18,call,508.4,2025-02-16,0.01,5.1318,2.896,1452,3008,0.2239,SPY250216C00508400,0.04464,0.0821917808219178,0.0814148307999295,0.005077879409911664,19.961223774482445,-28.820281957224225
2025-01-17,462.18,put,508.4,2025-02-16,42.7685,47.8903,44.6954,1911,3704,0.2239,SPY250216P00508400,0.04464,0.0821917808219178,-0.9185851692000705,0.005077879409911664,19.961223774482445,-6.20842218516886
2025-01-17,462.18,call,415.96,2025-03-03,49.0769,54.1987,50.2712,4383,5209,0.262,SPY250303C00415960,0.04464,0.1232876712328767,0.8945633817320342,0.004289542153688992,29.597441930636304,-47.64052505674614
2025-01-17,462.18,put,415.96,2025-03-03,0.01,5.1318,1.9532,4797,5404,0.262,SPY250303P00415960,0.04464,0.1232876712328767,-0.1054366182679658,0.004289542153688992,29.597441930636304,-29.173982593618174
2025-01-17,462.18,call,439.07,2025-03-03,30.7805,35.9023,33.1809,3179,5603,0.2749,SPY250303C00439070,0.04464,0.1232876712328767,0.7378426766890456,0.007301856943886609,52.862780883693176,-72.68653411591653
2025-01-17,462.18,put,439.07,2025-03-03,4.8459,9.9677,8.6155,4866,5230,0.2749,SPY250303P00439070,0.04464,0.1232876712328767,-0.2621573233109544,0.007301856943886609,52.862780883693176,-53.1940232992861
2025-01-17,462.18,call,462.18,2025-03-03,15.6335,20.7553,18.7111,4836,6841,0.2649,SPY250303C00462180,0.04464,0.1232876712328767,0.5420804335936314,0.009228521833747122,64.3807524445789,-79.52821382632025
2025-01-17,462.18,put,462.18,2025-03-03,13.2276,18.3494,15.5436,2305,3121,0.2649,SPY250303P00462180,0.04464,0.1232876712328767,-0.45791956640636855,0.009228521833747122,64.3807524445789,-59.00973465618735
2025-01-17,462.18,call,485.29,2025-03-03,6.4678,11.5896,9.5194,1988,3358,0.2611,SPY250303C00485290,0.04464,0.1232876712328767,0.33492979706592707,0.008597301309673967,59.1168064999669,-69.11033141915985
2025-01-17,462.18,put,485.29,2025-03-03,27.1143,32.2361,28.2558,2420,3877,0.2611,SPY250303P00485290,0.04464,0.1232876712328767,-0.6650702029340729,0.008597301309673967,59.1168064999669,-47.56588389552447
2025-01-17,462.18,call,508.4,2025-03-03,2.6654,7.7872,4.8851,1063,2264,0.2921,SPY250303C00508400,0.04464,0.1232876712328767,0.2048620152390126,0.00599147811252356,46.0900819073725,-58.594062576064616
2025-01-17,462.18,put,508.4,2025-03-03,45.468,50.5898,47.0042,4493,6401,0.2921,SPY250303P00508400,0.04464,0.1232876712328767,-0.7951379847609874,0.00599147811252356,46.0900819073725,-36.02364669892677
2025-01-17,462.18,call,415.96,2025-03-18,48.688,53.8098,51.1768,4227,5858,0.2052,SPY250318C00415960,0.04464,0.1643835616438356,0.9186817374244678,0.003914311018060967,28.204172949910927,-34.29294800569207
2025-01-17,462.18,put,415.96,2025-03-18,0.01,5.1318,0.9916,1227,4376,0.2052,SPY250318P00415960,0.04464,0.1643835616438356,-0.08131826257553221,0.003914311018060967,28.204172949910927,-15.860251738898533
2025-01-17,462.18,call,439.07,2025-03-18,29.1228,34.2446,29.842,2709,5493,0.2004,SPY250318C00439070,0.04464,0.1643835616438356,0.7770488981869039,0.007945097733691597,55.90847464108919,-48.71184731543844
2025-01-17,462.18,put,439.07,2025-03-18,2.4369,7.5587,4.6453,1390,2753,0.2004,SPY250318P00439070,0.04464,0.1643835616438356,-0.22295110181309608,0.007945097733691597,55.90847464108919,-29.2550631297931
2025-01-17,462.18,call,462.18,2025-03-18,14.1908,19.3126,17.3841,4140,6961,0.2018,SPY250318C00462180,0.04464,0.1643835616438356,0.551952824314369,0.01046032090655432,74.12195278624935,-56.13550351426762
2025-01-17,462.18,put,462.18,2025-03-18,10.6492,15.771,13.3041,1808,4813,0.2018,SPY250318P00462180,0.04464,0.1643835616438356,-0.448047175685631,0.01046032090655432,74.12195278624935,-35.654631409770474
2025-01-17,462.18,call,485.29,2025-03-18,4.2782,9.4,6.9698,2311,5194,0.1924,SPY250318C00485290,0.04464,0.1643835616438356,0.3112143146259303,0.009801966453308658,66.22149208729907,-44.86556548090102
2025-01-17,462.18,put,485.29,2025-03-18,23.5886,28.7104,28.1426,1168,3514,0.1924,SPY250318P00485290,0.04464,0.1643835616438356,-0.6887856853740697,0.009801966453308658,66.22149208729907,-23.36060545755206
2025-01-17,462.18,call,508.4,2025-03-18,0.01,5.1318,1.5931,1536,4397,0.1726,SPY250318C00508400,0.04464,0.1643835616438356,0.11081951752649216,0.005844806713629781,35.4235129124581,-20.808291762669437
2025-01-17,462.18,put,508.4,2025-03-18,41.7225,46.8443,44.1132,3977,5914,0.1726,SPY250318P00508400,0.04464,0.1643835616438356,-0.8891804824735079,0.005844806713629781,35.4235129124581,1.7207561795313282
2025-01-20,477.41,call,429.67,2025-02-19,46.6646,51.9387,49.3489,369,645,0.2057,SPY250219C00429670,0.04549,0.0821917808219178,0.9699088851976959,0.0024228626671411488,9.336293660347302,-30.48689234691425
2025-01-20,477.41,put,429.67,2025-02-19,0.01,5.2841,0.647,2105,5526,0.1234199999999999,SPY250219P00429670,0.04549,0.0821917808219178,-0.0009644226593216176,0.0001928061493738016,0.44577718444073805,-0.31354046392677076
2025-01-20,477.41,call,453.54,2025-02-19,25.6803,30.9544,29.092,668,3231,0.2081,SPY250219C00453540,0.04549,0.0821917808219178,0.8295112742068808,0.008900889254104077,34.698994598076744,-60.657428055876146
2025-01-20,477.41,put,453.54,2025-02-19,0.0616,5.3357,3.4023,4135,6212,0.2081,SPY250219P00453540,0.04549,0.0821917808219178,-0.17048872579311924,0.008900889254104077,34.698994598076744,-40.10288875666027
2025-01-20,477.41,call,477.41,2025-02-19,10.0397,15.3138,13.6484,3017,3612,0.2208,SPY250219C00477410,0.04549,0.0821917808219178,0.5361407970651115,0.013146747064695447,54.378696135024086,-84.09623329109061
2025-01-20,477.41,put,477.41,2025-02-19,8.5187,13.7928,11.1613,666,2591,0.2208,SPY250219P00477410,0.04549,0.0821917808219178,-0.46385920293488847,0.013146747064695447,54.378696135024086,-62.459899986776435
2025-01-20,477.41,call,501.28,2025-02-19,2.525,7.7991,4.9511,952,4621,0.2386,SPY250219C00501280,0.04549,0.0821917808219178,0.26618769755969196,0.010052588036931827,44.93241258670344,-70.76689472385647
2025-01-20,477.41,put,501.28,2025-02-19,24.0832,29.3573,27.713,600,2951,0.2386,SPY250219P00501280,0.04549,0.0821917808219178,-0.733812302440308,0.010052588036931827,44.93241258670344,-48.048767414443994
2025-01-20,477.41,call,525.15,2025-02-19,0.01,5.2841,0.1628,2537,3805,0.2188,SPY250219C00525150,0.04549,0.0821917808219178,0.07658544511686213,0.0048027845146171415,19.685743992041683,-27.819854254163186
2025-01-20,477.41,put,525.15,2025-02-19,43.9782,49.2523,47.5987,4952,8560,0.2188,SPY250219P00525150,0.04549,0.0821917808219178,-0.9234145548831378,0.0048027845146171415,19.685743992041683,-4.01993293965241
2025-01-20,477.41,call,429.67,2025-03-06,50.1108,55.3849,50.9841,696,4625,0.2682,SPY250306C00429670,0.04549,0.1232876712328767,0.8897940095329978,0.0041880588925863405,31.562705729088464,-51.26037483368917
2025-01-20,477.41,put,429.67,2025-03-06,0.01,5.2841,2.5555,4751,7187,0.1609199999999999,SPY250306P00429670,0.04549,0.1232876712328767,-0.023176519644292237,0.0020330705756831714,9.193167042662376,-5.4854633492534015
2025-01-20,477.41,call,453.54,2025-03-06,31.6614,36.9355,35.1196,4231,7671,0.2788,SPY250306C00453540,0.04549,0.1232876712328767,0.7357174103618546,0.006998840444124291,54.83041523734597,-76.41371085128428
2025-01-20,477.41,put,453.54,2025-03-06,5.2688,10.5429,8.1326,1319,3179,0.2788,SPY250306P00453540,0.04549,0.1232876712328767,-0.26428258963814544,0.006998840444124291,54.83041523734597,-55.8975613826423
2025-01-20,477.41,call,477.41,2025-03-06,17.685,22.9591,19.8077,2240,5122,0.2872,SPY250306C00477410,0.04549,0.1232876712328767,0.5422232034771,0.008240105243691651,66.49972767170502,-88.29863410416365
2025-01-20,477.41,put,477.41,2025-03-06,15.2082,20.4823,17.0317,3884,7612,0.2872,SPY250306P00477410,0.04549,0.1232876712328767,-0.45777679652290004,0.008240105243691651,66.49972767170502,-66.70271110327207
2025-01-20,477.41,call,501.28,2025-03-06,6.5466,11.8207,8.9952,3079,4855,0.261,SPY250306C00501280,0.04549,0.1232876712328767,0.33528628920485454,0.008329695012072787,61.090303138952436,-71.52521084049013
2025-01-20,477.41,put,501.28,2025-03-06,27.1975,32.4716,29.3123,1623,3433,0.261,SPY250306P00501280,0.04549,0.1232876712328767,-0.6647137107951455,0.008329695012072787,61.090303138952436,-48.849514307348954
2025-01-20,477.41,call,525.15,2025-03-06,1.601,6.8751,3.4229,4704,6667,0.2668,SPY250306C00525150,0.04549,0.1232876712328767,0.18123281050274437,0.005892310779324144,44.17475430866737,-51.542007822634766
2025-01-20,477.41,put,525.15,2025-03-06,46.1861,51.4602,50.1005,3776,4392,0.2668,SPY250306P00525150,0.04549,0.1232876712328767,-0.8187671894972557,0.005892310779324144,44.17475430866737,-27.786537757243977
2025-01-20,477.41,call,429.67,2025-03-21,49.1983,54.4724,50.2843,819,3428,0.1843,SPY250321C00429670,0.04549,0.1643835616438356,0.939118736899055,0.0033775714177730473,23.32229504851571,-31.107978451024202
2025-01-20,477.41,put,429.67,2025-03-21,0.01,5.2841,2.648,2740,3743,0.11058,SPY250321P00429670,0.04549,0.1643835616438356,-0.005555673012231366,0.0007419470055405044,3.0739081132420485,-0.9114962224968495
2025-01-20,477.41,call,453.54,2025-03-21,30.3055,35.5796,33.1439,847,3595,0.2,SPY250321C00453540,0.04549,0.1643835616438356,0.7779559369580429,0.0076891264430646615,57.616703602953045,-50.471642174874006
2025-01-20,477.41,put,453.54,2025-03-21,2.4651,7.7392,5.9979,4712,6304,0.2,SPY250321P00453540,0.04549,0.1643835616438356,-0.22204406304195712,0.0076891264430646615,57.616703602953045,-29.993810835899847
2025-01-20,477.41,call,477.41,2025-03-21,13.4695,18.7436,17.4943,2942,4771,0.188,SPY250321C00477410,0.04549,0.1643835616438356,0.5541746242356129,0.010861815096625782,76.50708653415747,-55.042689079631735
2025-01-20,477.41,put,477.41,2025-03-21,10.067,15.3411,12.573,4174,7960,0.188,SPY250321P00477410,0.04549,0.1643835616438356,-0.4458253757643871,0.010861815096625782,76.50708653415747,-33.48710090760798
2025-01-20,477.41,call,501.28,2025-03-21,3.8052,9.0793,6.2579,3205,5523,0.1818,SPY250321C00501280,0.04549,0.1643835616438356,0.3002757528682064,0.00988465077658536,67.32814024991862,-43.45829508365869
2025-01-20,477.41,put,501.28,2025-03-21,23.9968,29.2709,26.2957,481,2374,0.1818,SPY250321P00501280,0.04549,0.1643835616438356,-0.6997242471317936,0.00988465077658536,67.32814024991862,-20.824950078585342
2025-01-20,477.41,call,525.15,2025-03-21,0.3361,5.6102,3.8523,1882,4549,0.2013,SPY250321C00525150,0.04549,0.1643835616438356,0.15025489753203863,0.005990717392057549,45.18185075299992,-30.794301965304754
2025-01-20,477.41,put,525.15,2025-03-21,44.1229,49.397,47.4273,3291,3530,0.2013,SPY250321P00525150,0.04549,0.1643835616438356,-0.8497451024679614,0.005990717392057549,45.18185075299992,-7.0832001271818115
2025-01-21,481.4,call,433.26,2025-02-20,47.0717,52.3857,50.519,4048,7403,0.2102,SPY250220C00433260,0.04519,0.0821917808219178,0.9671251445170531,0.002529778635703474,10.128748659008878,-31.7257830798624
2025-01-21,481.4,put,433.26,2025-02-20,0.01,5.324,0.5881,2106,5981,0.2102,SPY250220P00433260,0.04519,0.0821917808219178,-0.032874855482946885,0.002529778635703474,10.128748659008878,-12.219350100237845
2025-01-21,481.4,call,457.33,2025-02-20,26.611,31.925,28.3292,2743,4043,0.239,SPY250220C00457330,0.04519,0.0821917808219178,0.7987219014833202,0.008520042007542293,38.78646494075289,-72.43031456348676
2025-01-21,481.4,put,457.33,2025-02-20,1.1996,6.5136,3.0933,4846,7114,0.239,SPY250220P00457330,0.04519,0.0821917808219178,-0.20127809851667977,0.008520042007542293,38.78646494075289,-51.840190862771955
2025-01-21,481.4,call,481.4,2025-02-20,10.9285,16.2425,14.5288,4675,6148,0.2351,SPY250220C00481400,0.04519,0.0821917808219178,0.5353824220938139,0.012246855041275782,54.84256626331698,-89.4573643237342
2025-01-21,481.4,put,481.4,2025-02-20,9.5751,14.8891,10.4707,2977,4391,0.2351,SPY250220P00481400,0.04519,0.0821917808219178,-0.4646175779061861,0.012246855041275782,54.84256626331698,-67.78354990192913
2025-01-21,481.4,call,505.47,2025-02-20,1.7489,7.0629,4.7102,3006,6872,0.2205,SPY250220C00505470,0.04519,0.0821917808219178,0.24779489383613879,0.010393098332316017,43.650999481852,-63.74649702995186
2025-01-21,481.4,put,505.47,2025-02-20,24.2998,29.6138,27.8081,541,3510,0.2205,SPY250220P00505470,0.04519,0.0821917808219178,-0.7522051061638613,0.010393098332316017,43.650999481852,-40.98899188705656
2025-01-21,481.4,call,529.54,2025-02-20,0.01,5.324,1.048,3705,5565,0.2135,SPY250220C00529540,0.04519,0.0821917808219178,0.0713442651503902,0.0046238383664055464,18.803603535324495,-25.93285027892829
2025-01-21,481.4,put,529.54,2025-02-20,44.0664,49.3804,45.1639,4906,8067,0.2135,SPY250220P00529540,0.04519,0.0821917808219178,-0.9286557348496098,0.0046238383664055464,18.803603535324495,-2.0916544149427274
2025-01-21,481.4,call,433.26,2025-03-07,50.6705,55.9845,54.3691,3937,7126,0.2618,SPY250307C00433260,0.04519,0.1232876712328767,0.8948496079997346,0.004113329669718957,30.767696404153217,-49.74558422766853
2025-01-21,481.4,put,433.26,2025-03-07,0.01,5.324,1.3,2329,5987,0.2618,SPY250307P00433260,0.04519,0.1232876712328767,-0.10515039200026544,0.004113329669718957,30.767696404153217,-30.275343481867736
2025-01-21,481.4,call,457.33,2025-03-07,32.1028,37.4168,34.8005,2041,4129,0.2861,SPY250307C00457330,0.04519,0.1232876712328767,0.7311488419355353,0.00682260990020142,55.7699453755915,-79.03455716469878
2025-01-21,481.4,put,457.33,2025-03-07,5.7224,11.0364,9.6887,3813,6823,0.2861,SPY250307P00457330,0.04519,0.1232876712328767,-0.2688511580644647,0.00682260990020142,55.7699453755915,-58.48263637746461
2025-01-21,481.4,call,481.4,2025-03-07,17.8949,23.2089,21.289,2041,4357,0.2843,SPY250307C00481400,0.04519,0.1232876712328767,0.5420992931277692,0.008255438049298297,67.05772316581468,-88.18489844862651
2025-01-21,481.4,put,481.4,2025-03-07,15.1678,20.4818,18.5522,2684,5274,0.2843,SPY250307P00481400,0.04519,0.1232876712328767,-0.45790070687223083,0.008255438049298297,67.05772316581468,-66.55129761995896
2025-01-21,481.4,call,505.47,2025-03-07,7.0332,12.3472,8.5107,3664,4323,0.2671,SPY250307C00505470,0.04519,0.1232876712328767,0.3394606559813093,0.00811079989360284,61.89697088255074,-73.99609865780356
2025-01-21,481.4,put,505.47,2025-03-07,28.5657,33.8797,29.7417,4484,5559,0.2671,SPY250307P00505470,0.04519,0.1232876712328767,-0.6605393440186906,0.00811079989360284,61.89697088255074,-51.28081778770263
2025-01-21,481.4,call,529.54,2025-03-07,2.0069,7.3209,2.623,3607,7372,0.2745,SPY250307C00529540,0.04519,0.1232876712328767,0.1886534458790548,0.005822970745114267,45.66871356243001,-54.7369139820949
2025-01-21,481.4,put,529.54,2025-03-07,47.4014,52.7154,49.5096,708,3420,0.2745,SPY250307P00529540,0.04519,0.1232876712328767,-0.8113465541209453,0.005822970745114267,45.66871356243001,-30.939953070560595
2025-01-21,481.4,call,433.26,2025-03-22,50.3711,55.6851,52.4138,3116,6217,0.1806,SPY250322C00433260,0.04519,0.1643835616438356,0.9425979770992875,0.0032640186460115373,22.456441332289085,-30.481049016635637
2025-01-21,481.4,put,433.26,2025-03-22,0.01,5.324,1.5435,1673,5513,0.1806,SPY250322P00433260,0.04519,0.1643835616438356,-0.0574020229007125,0.0032640186460115373,22.456441332289085,-11.046933353591532
2025-01-21,481.4,call,457.33,2025-03-22,28.9815,34.2955,31.986,986,1645,0.1877,SPY250322C00457330,0.04519,0.1643835616438356,0.7909364774688632,0.00784611281288636,56.103425487323015,-47.79331943506088
2025-01-21,481.4,put,457.33,2025-03-22,1.8825,7.1965,6.32,3076,5311,0.1877,SPY250322P00457330,0.04519,0.1643835616438356,-0.2090635225311368,0.00784611281288636,56.103425487323015,-27.279530679625438
2025-01-21,481.4,call,481.4,2025-03-22,13.8853,19.1993,16.7834,3268,5842,0.191,SPY250322C00481400,0.04519,0.1643835616438356,0.5535541768213811,0.010604852435779128,77.16290240582511,-56.11770271785546
2025-01-21,481.4,put,481.4,2025-03-22,10.5915,15.9055,13.7752,1924,2610,0.191,SPY250322P00481400,0.04519,0.1643835616438356,-0.4464458231786189,0.010604852435779128,77.16290240582511,-34.52424087002868
2025-01-21,481.4,call,505.47,2025-03-22,3.9921,9.3061,6.7431,3446,4824,0.1836,SPY250322C00505470,0.04519,0.1643835616438356,0.30208129099021314,0.009732869601754788,68.07444973944908,-44.28839079510264
2025-01-21,481.4,put,505.47,2025-03-22,24.0373,29.3513,28.5447,2974,5541,0.1836,SPY250322P00505470,0.04519,0.1643835616438356,-0.6979187090097869,0.009732869601754788,68.07444973944908,-21.61525585488452
2025-01-21,481.4,call,529.54,2025-03-22,0.01,5.324,1.5529,830,3143,0.1808,SPY250322C00529540,0.04519,0.1643835616438356,0.12257420608788855,0.0057539545365105785,39.63103459546649,-24.367303327560176
2025-01-21,481.4,put,529.54,2025-03-22,44.2763,49.5903,48.0648,4694,7397,0.1808,SPY250322P00529540,0.04519,0.1643835616438356,-0.8774257939121115,0.0057539545365105785,39.63103459546649,-0.6144952949507214
2025-01-22,477.86,call,430.07,2025-02-21,47.9874,53.266,50.8779,2252,2871,0.2205,SPY250221C00430070,0.04563,0.0821917808219178,0.9606069597038482,0.0028174238196616024,11.659784496000363,-34.30944117698061
2025-01-22,477.86,put,430.07,2025-02-21,0.01,5.2886,1.4924,3731,4220,0.2205,SPY250221P00430070,0.04563,0.0821917808219178,-0.03939304029615176,0.0028174238196616024,11.659784496000363,-14.758807654768365
2025-01-22,477.86,call,453.97,2025-02-21,26.4773,31.7559,30.685,1344,2806,0.2326,SPY250221C00453970,0.04563,0.0821917808219178,0.8047413842117639,0.008659166933197508,37.80206898503513,-69.70631519825218
2025-01-22,477.86,put,453.97,2025-02-21,0.8684,6.147,3.2161,1079,2356,0.2326,SPY250221P00453970,0.04563,0.0821917808219178,-0.1952586157882361,0.008659166933197508,37.80206898503513,-49.069207052883534
2025-01-22,477.86,call,477.86,2025-02-21,9.6147,14.8933,11.9908,4218,6444,0.2099,SPY250221C00477860,0.04563,0.0821917808219178,0.5368145621479218,0.013814282382834789,54.42150097630898,-80.63123697752056
2025-01-22,477.86,put,477.86,2025-02-21,7.935,13.2136,10.3444,3276,6013,0.2099,SPY250221P00477860,0.04563,0.0821917808219178,-0.4631854378520782,0.013814282382834789,54.42150097630898,-58.90810880088804
2025-01-22,477.86,call,501.75,2025-02-21,2.0,7.2786,5.657,3840,6209,0.2281,SPY250221C00501750,0.04563,0.0821917808219178,0.2559270610823717,0.010295250391292065,44.07496201051141,-66.52686820270439
2025-01-22,477.86,put,501.75,2025-02-21,24.4507,29.7293,26.7638,2617,6542,0.2281,SPY250221P00501750,0.04563,0.0821917808219178,-0.7440729389176284,0.010295250391292065,44.07496201051141,-43.71771999480801
2025-01-22,477.86,call,525.65,2025-02-21,0.01,5.2886,2.51,2612,6571,0.2143,SPY250221C00525650,0.04563,0.0821917808219178,0.07218813415901419,0.004682747655348427,18.83443834998728,-26.085724063870956
2025-01-22,477.86,put,525.65,2025-02-21,43.614,48.8926,47.0339,2915,3367,0.2143,SPY250221P00525650,0.04563,0.0821917808219178,-0.9278118658409858,0.004682747655348427,18.83443834998728,-2.1901012328181793
2025-01-22,477.86,call,430.07,2025-03-08,49.4144,54.693,51.9905,507,3857,0.265,SPY250308C00430070,0.04563,0.1232876712328767,0.8924033617717215,0.004162316773417655,31.052888929964436,-50.431937030092456
2025-01-22,477.86,put,430.07,2025-03-08,0.01,5.2886,2.0682,3962,5524,0.265,SPY250308P00430070,0.04563,0.1232876712328767,-0.10759663822827847,0.004162316773417655,31.052888929964436,-30.917930610583028
2025-01-22,477.86,call,453.97,2025-03-08,29.7358,35.0144,32.022,1556,2142,0.2586,SPY250308C00453970,0.04563,0.1232876712328767,0.7492667584158452,0.00733511753841315,53.40188716318091,-70.82688676811233
2025-01-22,477.86,put,453.97,2025-03-08,4.1998,9.4784,7.5643,993,4199,0.2586,SPY250308P00453970,0.04563,0.1232876712328767,-0.2507332415841548,0.00733511753841315,53.40188716318091,-50.228441179569316
2025-01-22,477.86,call,477.86,2025-03-08,15.2744,20.553,18.2547,1262,2483,0.2481,SPY250308C00477860,0.04563,0.1232876712328767,0.5430555805640196,0.009527603396967994,66.54745353880826,-77.98197302380743
2025-01-22,477.86,put,477.86,2025-03-08,12.6747,17.9533,13.7248,1531,3244,0.2481,SPY250308P00477860,0.04563,0.1232876712328767,-0.4569444194359804,0.009527603396967994,66.54745353880826,-56.29954200646892
2025-01-22,477.86,call,501.75,2025-03-08,8.4291,13.7077,11.8541,1782,5747,0.2907,SPY250308C00501750,0.04563,0.1232876712328767,0.3550243491321547,0.007632883493134634,62.467578618076274,-80.88129761681819
2025-01-22,477.86,put,501.75,2025-03-08,29.3592,34.6378,32.5409,2311,3209,0.2907,SPY250308P00501750,0.04563,0.1232876712328767,-0.6449756508678453,0.007632883493134634,62.467578618076274,-58.11488117068417
2025-01-22,477.86,call,525.65,2025-03-08,1.7784,7.057,4.576,781,3237,0.2709,SPY250308C00525650,0.04563,0.1232876712328767,0.18529094458224188,0.005878288897664096,44.83125929391611,-53.092994441688354
2025-01-22,477.86,put,525.65,2025-03-08,46.5364,51.815,49.4587,4829,6998,0.2709,SPY250308P00525650,0.04563,0.1232876712328767,-0.8147090554177581,0.005878288897664096,44.83125929391611,-29.24213882652075
2025-01-22,477.86,call,430.07,2025-03-23,49.1139,54.3925,51.5546,3831,5044,0.1862,SPY250323C00430070,0.04563,0.1643835616438356,0.9373439765495024,0.003415725436451819,23.87384522345672,-31.58631759982135
2025-01-22,477.86,put,430.07,2025-03-23,0.01,5.2886,1.4082,3507,7008,0.1862,SPY250323P00430070,0.04563,0.1643835616438356,-0.06265602345049759,0.003415725436451819,23.87384522345672,-12.10886966402852
2025-01-22,477.86,call,453.97,2025-03-23,28.7501,34.0287,32.3138,1788,3274,0.1827,SPY250323C00453970,0.04563,0.1643835616438356,0.7969187643696627,0.007981946847799286,54.740293580606114,-46.3610040722727
2025-01-22,477.86,put,453.97,2025-03-23,1.5212,6.7998,4.6121,4976,7526,0.1827,SPY250323P00453970,0.04563,0.1643835616438356,-0.2030812356303373,0.007981946847799286,54.740293580606114,-25.80114860825086
2025-01-22,477.86,call,477.86,2025-03-23,13.1728,18.4514,15.0291,313,3776,0.1854,SPY250323C00477860,0.04563,0.1643835616438356,0.5546310602290178,0.011002028069841437,76.5671041464828,-54.5357010413946
2025-01-22,477.86,put,477.86,2025-03-23,9.9494,15.228,13.8454,1153,4484,0.1854,SPY250323P00477860,0.04563,0.1643835616438356,-0.44536893977098224,0.011002028069841437,76.5671041464828,-32.89389093932293
2025-01-22,477.86,call,501.75,2025-03-23,5.14,10.4186,9.3371,3047,5887,0.2002,SPY250323C00501750,0.04563,0.1643835616438356,0.3198845738381732,0.009218309274755422,69.27476978884094,-48.80684261022823
2025-01-22,477.86,put,501.75,2025-03-23,25.4353,30.7139,26.9005,4645,5573,0.2002,SPY250323P00501750,0.04563,0.1643835616438356,-0.6801154261618267,0.009218309274755422,69.27476978884094,-26.08307787010673
2025-01-22,477.86,call,525.65,2025-03-23,0.01,5.2886,2.409,1598,1808,0.1843,SPY250323C00525650,0.04563,0.1643835616438356,0.1275871152546273,0.0058479444015390614,40.4565005182439,-25.36065759985971
2025-01-22,477.86,put,525.65,2025-03-23,43.9894,49.268,46.22,752,1058,0.1843,SPY250323P00525650,0.04563,0.1643835616438356,-0.8724128847453727,0.0058479444015390614,40.4565005182439,-1.5544853315092055
2025-01-23,487.11,call,438.4,2025-02-22,49.4244,54.7955,52.6189,3820,6376,0.2389,SPY250222C00438400,0.04564,0.0821917808219178,0.9481638421090708,0.0031814149340912206,14.822414237879956,-40.288743800406024
2025-01-23,487.11,put,438.4,2025-02-22,0.01,5.3811,0.01,953,4678,0.2389,SPY250222P00438400,0.04564,0.0821917808219178,-0.05183615789092921,0.0031814149340912206,14.822414237879956,-20.355084026557982
2025-01-23,487.11,call,462.75,2025-02-22,26.2584,31.6295,27.173,333,3025,0.2243,SPY250222C00462750,0.04564,0.0821917808219178,0.8128096399977163,0.00858409725309024,37.54969242196409,-67.96429683858966
2025-01-23,487.11,put,462.75,2025-02-22,0.6186,5.9897,4.371,1346,5195,0.2243,SPY250222P00462750,0.04564,0.0821917808219178,-0.18719036000228373,0.00858409725309024,37.54969242196409,-46.923464127941436
2025-01-23,487.11,call,487.11,2025-02-22,10.7072,16.0783,14.1609,2030,2562,0.224,SPY250222C00487110,0.04564,0.0821917808219178,0.536064076571694,0.01270110259178583,55.48453151432929,-86.91354518304556
2025-01-23,487.11,put,487.11,2025-02-22,8.8349,14.206,11.7024,1079,2183,0.224,SPY250222P00487110,0.04564,0.0821917808219178,-0.46393592342830603,0.01270110259178583,55.48453151432929,-64.76508484445267
2025-01-23,487.11,call,511.47,2025-02-22,2.3103,7.6814,5.2846,4805,7418,0.2342,SPY250222C00511470,0.04564,0.0821917808219178,0.2619483972023616,0.009955737173080782,45.47186791351839,-70.3790786977678
2025-01-23,487.11,put,511.47,2025-02-22,24.1515,29.5226,26.7517,4248,7216,0.2342,SPY250222P00511470,0.04564,0.0821917808219178,-0.7380516027976384,0.009955737173080782,45.47186791351839,-47.122990731230246
2025-01-23,487.11,call,535.82,2025-02-22,0.01,5.3811,0.01,2591,3639,0.2199,SPY250222C00535820,0.04564,0.0821917808219178,0.07769246849492412,0.004734953036546213,20.305953449688374,-28.843136611416867
2025-01-23,487.11,put,535.82,2025-02-22,45.199,50.5701,47.3565,1963,4311,0.2199,SPY250222P00535820,0.04564,0.0821917808219178,-0.9223075315050759,0.004734953036546213,20.305953449688374,-4.479875708079145
2025-01-23,487.11,call,438.4,2025-03-09,51.2421,56.6132,54.7235,2139,5610,0.2634,SPY250309C00438400,0.04564,0.1232876712328767,0.8936663352159544,0.004073237648278951,31.385515047592435,-50.950339036810256
2025-01-23,487.11,put,438.4,2025-03-09,0.01,5.3811,3.324,3299,7118,0.2634,SPY250309P00438400,0.04564,0.1232876712328767,-0.1063336647840456,0.004073237648278951,31.385515047592435,-31.054032122141884
2025-01-23,487.11,call,462.75,2025-03-09,30.2307,35.6018,34.5188,4843,7952,0.2425,SPY250309C00462750,0.04564,0.1232876712328767,0.7615127707333624,0.007469374776152042,52.98704908501471,-67.53372065305393
2025-01-23,487.11,put,462.75,2025-03-09,3.479,8.8501,7.7932,638,1312,0.2425,SPY250309P00462750,0.04564,0.1232876712328767,-0.23848722926663757,0.007469374776152042,52.98704908501471,-46.53231548708041
2025-01-23,487.11,call,487.11,2025-03-09,18.3457,23.7168,20.1821,1105,4912,0.2861,SPY250309C00487110,0.04564,0.1232876712328767,0.54230444879872,0.008106891529332645,67.84939196980122,-89.82976789626584
2025-01-23,487.11,put,487.11,2025-03-09,15.7386,21.1097,17.991,3169,3972,0.2861,SPY250309P00487110,0.04564,0.1232876712328767,-0.45769555120128,0.008106891529332645,67.84939196980122,-67.72281063986959
2025-01-23,487.11,call,511.47,2025-03-09,6.779,12.1501,9.2958,1780,3874,0.2619,SPY250309C00511470,0.04564,0.1232876712328767,0.3359687018140213,0.008142234237880536,62.38107156302635,-73.29421667190877
2025-01-23,487.11,put,511.47,2025-03-09,28.5138,33.8849,30.5525,3990,7054,0.2619,SPY250309P00511470,0.04564,0.1232876712328767,-0.6640312981859787,0.008142234237880536,62.38107156302635,-50.08170732508981
2025-01-23,487.11,call,535.82,2025-03-09,1.5085,6.8796,5.3259,911,2548,0.266,SPY250309C00535820,0.04564,0.1232876712328767,0.18048993847126504,0.005777450384884658,44.9564077243861,-52.31563878241818
2025-01-23,487.11,put,535.82,2025-03-09,46.8137,52.1848,48.9656,392,4006,0.266,SPY250309P00535820,0.04564,0.1232876712328767,-0.819510061528735,0.005777450384884658,44.9564077243861,-27.998031184294074
2025-01-23,487.11,call,438.4,2025-03-24,50.808,56.1791,53.0136,852,3384,0.1755,SPY250324C00438400,0.04564,0.1643835616438356,0.9475660916113303,0.0030902920847174094,21.15383570705086,-29.949625391741172
2025-01-23,487.11,put,438.4,2025-03-24,0.01,5.3811,0.1016,4201,6551,0.1755,SPY250324P00438400,0.04564,0.1643835616438356,-0.05243390838866968,0.0030902920847174094,21.15383570705086,-10.090601342277205
2025-01-23,487.11,call,462.75,2025-03-24,29.5984,34.9695,31.014,4819,8121,0.1937,SPY250324C00462750,0.04564,0.1643835616438356,0.7846678335937558,0.00764485035718305,57.75785900825835,-49.98135524809325
2025-01-23,487.11,put,462.75,2025-03-24,2.2342,7.6053,5.0878,818,2529,0.1937,SPY250324P00462750,0.04564,0.1643835616438356,-0.2153321664062442,0.00764485035718305,57.75785900825835,-29.019303745151987
2025-01-23,487.11,call,487.11,2025-03-24,13.7878,19.1589,16.2529,2881,4061,0.1863,SPY250324C00487110,0.04564,0.1643835616438356,0.5545212544155294,0.01074137345291559,78.05219985324769,-55.803573090084136
2025-01-23,487.11,put,487.11,2025-03-24,10.2151,15.5862,12.027,2964,4105,0.1863,SPY250324P00487110,0.04564,0.1643835616438356,-0.44547874558447065,0.01074137345291559,78.05219985324769,-33.73804114497831
2025-01-23,487.11,call,511.47,2025-03-24,4.2286,9.5997,7.3492,3474,4685,0.1873,SPY250324C00511470,0.04564,0.1643835616438356,0.30648479413163476,0.00948973064642097,69.32727656582308,-45.9916550447648
2025-01-23,487.11,put,511.47,2025-03-24,25.1448,30.5159,29.0714,4510,5213,0.1873,SPY250324P00511470,0.04564,0.1643835616438356,-0.6935152058683652,0.00948973064642097,69.32727656582308,-22.822642657494416
2025-01-23,487.11,call,535.82,2025-03-24,0.01,5.3811,1.7335,3590,5453,0.1931,SPY250324C00535820,0.04564,0.1643835616438356,0.13954023037405272,0.005823311620289439,43.85961159936701,-28.743463351822435
2025-01-23,487.11,put,535.82,2025-03-24,44.1247,49.4958,46.4261,4396,6782,0.1931,SPY250324P00535820,0.04564,0.1643835616438356,-0.8604597696259473,0.005823311620289439,43.85961159936701,-4.47142351107475
2025-01-24,488.9,call,440.01,2025-02-23,48.401,53.79,51.2199,3228,4580,0.2258,SPY250223C00440010,0.04466,0.0821917808219178,0.9569776161775673,0.0028883518700230574,12.812754412151428,-36.2138762333787
2025-01-24,488.9,put,440.01,2025-02-23,0.01,5.399,1.4606,3249,3574,0.2258,SPY250223P00440010,0.04466,0.0821917808219178,-0.04302238382243273,0.0028883518700230574,12.812754412151428,-16.63502947467504
2025-01-24,488.9,call,464.45,2025-02-23,26.5382,31.9272,29.229,1522,5497,0.2256,SPY250223C00464450,0.04466,0.0821917808219178,0.8111984188657669,0.008548494757819432,37.88760995943274,-68.3899012815321
2025-01-24,488.9,put,464.45,2025-02-23,0.6412,6.0302,4.2236,1002,4861,0.2256,SPY250223P00464450,0.04466,0.0821917808219178,-0.18880158113423307,0.008548494757819432,37.88760995943274,-47.72356329585016
2025-01-24,488.9,call,488.9,2025-02-23,10.3176,15.7066,13.1027,871,2787,0.2148,SPY250223C00488900,0.04466,0.0821917808219178,0.5360144520771956,0.013196752760681746,55.68905164455889,-83.89607658251678
2025-01-24,488.9,put,488.9,2025-02-23,8.4607,13.8497,13.1674,2934,6122,0.2148,SPY250223P00488900,0.04466,0.0821917808219178,-0.46398554792280444,0.013196752760681746,55.68905164455889,-62.141802406179394
2025-01-24,488.9,call,513.35,2025-02-23,1.5575,6.9465,3.0511,1898,5728,0.2143,SPY250223C00513350,0.04466,0.0821917808219178,0.24076894960853729,0.010367728546222062,43.64899548805125,-61.97561878456139
2025-01-24,488.9,put,513.35,2025-02-23,23.3489,28.7379,26.8728,2642,6385,0.2143,SPY250223P00513350,0.04466,0.0821917808219178,-0.7592310503914628,0.010367728546222062,43.64899548805125,-39.133408417568546
2025-01-24,488.9,call,537.79,2025-02-23,0.01,5.399,0.7874,2267,5713,0.2207,SPY250223C00537790,0.04466,0.0821917808219178,0.07828692621512644,0.004727780055890726,20.498782253001274,-29.183213887650442
2025-01-24,488.9,put,537.79,2025-02-23,45.3259,50.7149,47.6307,4712,5004,0.2207,SPY250223P00537790,0.04466,0.0821917808219178,-0.9217130737848735,0.004727780055890726,20.498782253001274,-5.253512293679311
2025-01-24,488.9,call,440.01,2025-03-10,52.1269,57.5159,54.5272,3998,6482,0.2722,SPY250310C00440010,0.04466,0.1232876712328767,0.8864327821278174,0.0041170467736052355,33.02430189237937,-53.399474921596294
2025-01-24,488.9,put,440.01,2025-03-10,0.01,5.399,3.002,2269,5167,0.2722,SPY250310P00440010,0.04466,0.1232876712328767,-0.1135672178721826,0.0041170467736052355,33.02430189237937,-33.85652909644777
2025-01-24,488.9,call,464.45,2025-03-10,32.5982,37.9872,35.8856,1900,3308,0.2834,SPY250310C00464450,0.04466,0.1232876712328767,0.7325888959437576,0.006763643081248271,56.485925836612175,-79.33838555978372
2025-01-24,488.9,put,464.45,2025-03-10,5.607,10.996,7.562,2260,5960,0.2834,SPY250310P00464450,0.04466,0.1232876712328767,-0.26741110405624235,0.006763643081248271,56.485925836612175,-58.70994259600965
2025-01-24,488.9,call,488.9,2025-03-10,17.7773,23.1663,21.2072,2251,4543,0.2846,SPY250310C00488900,0.04466,0.1232876712328767,0.5418374307494751,0.008120791253235227,68.10719067035798,-89.5117439781806
2025-01-24,488.9,put,488.9,2025-03-10,15.3635,20.7525,19.2316,3479,5842,0.2846,SPY250310P00488900,0.04466,0.1232876712328767,-0.4581625692505249,0.008120791253235227,68.10719067035798,-67.79735972801558
2025-01-24,488.9,call,513.35,2025-03-10,8.1248,13.5138,11.4331,1944,4904,0.2798,SPY250310C00513350,0.04466,0.1232876712328767,0.34769412488927404,0.007692912152734819,63.430510567452345,-79.09427950608341
2025-01-24,488.9,put,513.35,2025-03-10,29.4799,34.8689,31.8411,584,3221,0.2798,SPY250310P00513350,0.04466,0.1232876712328767,-0.652305875110726,0.007692912152734819,63.430510567452345,-56.293953969527436
2025-01-24,488.9,call,537.79,2025-03-10,1.6168,7.0058,5.1073,1508,4529,0.2663,SPY250310C00537790,0.04466,0.1232876712328767,0.1804432249241899,0.0057488792072967355,45.114284486548904,-52.47143052955927
2025-01-24,488.9,put,537.79,2025-03-10,47.3222,52.7112,50.2929,4775,7166,0.2663,SPY250310P00537790,0.04466,0.1232876712328767,-0.8195567750758102,0.0057488792072967355,45.114284486548904,-28.58560785437774
2025-01-24,488.9,call,440.01,2025-03-25,51.8044,57.1934,55.3879,4534,5198,0.2083,SPY250325C00440010,0.04466,0.1643835616438356,0.9156988554057081,0.0037454714921123654,30.654499255792672,-37.014844283222686
2025-01-24,488.9,put,440.01,2025-03-25,0.01,5.399,1.0581,377,1125,0.2083,SPY250325P00440010,0.04466,0.1643835616438356,-0.08430114459429194,0.0037454714921123654,30.654499255792672,-17.50773356155023
2025-01-24,488.9,call,464.45,2025-03-25,29.4579,34.8469,30.617,3604,3897,0.1788,SPY250325C00464450,0.04466,0.1643835616438356,0.8010076536783344,0.007875204316698409,55.32581306214906,-46.152914370216905
2025-01-24,488.9,put,464.45,2025-03-25,1.3993,6.7883,5.9454,2729,5277,0.1788,SPY250325P00464450,0.04466,0.1643835616438356,-0.19899234632166563,0.007875204316698409,55.32581306214906,-25.562296941793075
2025-01-24,488.9,call,488.9,2025-03-25,14.5127,19.9017,16.7252,1941,2287,0.1952,SPY250325C00488900,0.04466,0.1643835616438356,0.5526394488104456,0.010220646061377351,78.38927049032972,-57.839321880618336
2025-01-24,488.9,put,488.9,2025-03-25,11.0995,16.4885,13.5474,1229,2111,0.1952,SPY250325P00488900,0.04466,0.1643835616438356,-0.4473605511895544,0.010220646061377351,78.38927049032972,-36.16475441209339
2025-01-24,488.9,call,513.35,2025-03-25,4.0302,9.4192,7.314,3100,4763,0.1834,SPY250325C00513350,0.04466,0.1643835616438356,0.3014018182891134,0.009584305052253876,69.06506421023333,-44.80898551178288
2025-01-24,488.9,put,513.35,2025-03-25,24.5777,29.9667,26.2799,3778,5096,0.1834,SPY250325P00513350,0.04466,0.1643835616438356,-0.6985981817108866,0.009584305052253876,69.06506421023333,-22.050468003156816
2025-01-24,488.9,call,537.79,2025-03-25,0.8373,6.2263,2.8129,504,1001,0.2116,SPY250325C00537790,0.04466,0.1643835616438356,0.16293125444569279,0.005870016445017755,48.8037778685098,-34.813147865092226
2025-01-24,488.9,put,537.79,2025-03-25,45.7047,51.0937,48.4749,1800,2283,0.2116,SPY250325P00537790,0.04466,0.1643835616438356,-0.8370687455543072,0.005870016445017755,48.8037778685098,-10.971123649714787
2025-01-27,502.68,call,452.41,2025-02-26,49.4777,55.0045,53.5485,1657,2365,0.2046,SPY250226C00452410,0.0451,0.0821917808219178,0.970541565232939,0.0022730074136456577,9.65868682559649,-31.666584438605824
2025-01-27,502.68,put,452.41,2025-02-26,0.01,5.5368,0.5499,2127,4397,0.2046,SPY250226P00452410,0.0451,0.0821917808219178,-0.029458434767061004,0.0022730074136456577,9.65868682559649,-11.338386838840037
2025-01-27,502.68,call,477.55,2025-02-26,26.2996,31.8264,27.4876,2061,5585,0.2005,SPY250226C00477550,0.0451,0.0821917808219178,0.8377925916733827,0.00849622276510751,35.37951465265723,-60.818519258858885
2025-01-27,502.68,put,477.55,2025-02-26,0.01,5.5368,2.1173,2438,3653,0.2005,SPY250226P00477550,0.0451,0.0821917808219178,-0.1622074083266173,0.00849622276510751,35.37951465265723,-39.36070275664154
2025-01-27,502.68,call,502.68,2025-02-26,11.5001,17.0269,13.7231,2228,4357,0.2289,SPY250226C00502680,0.0451,0.0821917808219178,0.5355775899410709,0.012045557298322082,57.26434447620079,-91.24597199655796
2025-01-27,502.68,put,502.68,2025-02-26,9.4778,15.0046,12.9894,2128,3405,0.2289,SPY250226P00502680,0.0451,0.0821917808219178,-0.46442241005892915,0.012045557298322082,57.26434447620079,-68.6589859231947
2025-01-27,502.68,call,527.81,2025-02-26,1.371,6.8978,3.5248,4827,8004,0.2115,SPY250226C00527810,0.0451,0.0821917808219178,0.2378996530252963,0.010150319681966974,44.58632683638887,-62.57279042970024
2025-01-27,502.68,put,527.81,2025-02-26,24.3308,29.8576,27.1138,3649,5646,0.2115,SPY250226P00527810,0.0451,0.0821917808219178,-0.7621003469747036,0.010150319681966974,44.58632683638887,-38.856634785191105
2025-01-27,502.68,call,552.95,2025-02-26,0.01,5.5368,0.9251,4076,7669,0.2274,SPY250226C00552950,0.0451,0.0821917808219178,0.08494510340382766,0.004745997941230835,22.41452856239832,-32.876843919361434
2025-01-27,502.68,put,552.95,2025-02-26,46.7506,52.2774,50.4734,4631,5764,0.2274,SPY250226P00552950,0.0451,0.0821917808219178,-0.9150548965961723,0.004745997941230835,22.41452856239832,-8.03106937240073
2025-01-27,502.68,call,452.41,2025-03-13,51.5154,57.0422,55.3714,1498,3437,0.2655,SPY250313C00452410,0.0451,0.1232876712328767,0.8918634613099877,0.003963612050876058,32.78374233475177,-53.02446537352765
2025-01-27,502.68,put,452.41,2025-03-13,0.01,5.5368,2.2616,1638,4042,0.2655,SPY250313P00452410,0.0451,0.1232876712328767,-0.10813653869001227,0.003963612050876058,32.78374233475177,-32.7339096624586
2025-01-27,502.68,call,477.55,2025-03-13,32.2382,37.765,35.7712,927,4291,0.2521,SPY250313C00477550,0.0451,0.1232876712328767,0.7537838765324172,0.007083769307391424,55.63397834986475,-72.40979286693185
2025-01-27,502.68,put,477.55,2025-03-13,4.0441,9.5709,7.0127,4206,5959,0.2521,SPY250313P00477550,0.0451,0.1232876712328767,-0.24621612346758281,0.007083769307391424,55.63397834986475,-50.99170997791299
2025-01-27,502.68,call,502.68,2025-03-13,16.612,22.1388,19.5533,2207,4825,0.2594,SPY250313C00502680,0.0451,0.1232876712328767,0.5424420809583134,0.008664064021546944,70.01554708805104,-85.06917824863284
2025-01-27,502.68,put,502.68,2025-03-13,14.2042,19.731,17.7032,876,1927,0.2594,SPY250313P00502680,0.0451,0.1232876712328767,-0.45755791904168663,0.008664064021546944,70.01554708805104,-62.5240166809394
2025-01-27,502.68,call,527.81,2025-03-13,6.8363,12.3631,10.6223,4324,8037,0.2588,SPY250313C00527810,0.0451,0.1232876712328767,0.3335211980186886,0.007961675725978636,64.19062720740182,-74.50206997468611
2025-01-27,502.68,put,527.81,2025-03-13,28.7237,34.2505,30.9134,3088,5165,0.2588,SPY250313P00527810,0.0451,0.1232876712328767,-0.6664788019813114,0.007961675725978636,64.19062720740182,-50.8298297283181
2025-01-27,502.68,call,552.95,2025-03-13,2.0587,7.5855,4.1065,4432,6829,0.2754,SPY250313C00552950,0.0451,0.1232876712328767,0.18947820739438415,0.00557319667101508,47.81577146048205,-57.482600768990366
2025-01-27,502.68,put,552.95,2025-03-13,49.4749,55.0017,51.832,1009,1216,0.2754,SPY250313P00552950,0.0451,0.1232876712328767,-0.8105217926056159,0.00557319667101508,47.81577146048205,-32.68283334467253
2025-01-27,502.68,call,452.41,2025-03-28,51.2819,56.8087,53.586,3642,5606,0.1887,SPY250328C00452410,0.0451,0.1643835616438356,0.9347775002182134,0.0033056589278553784,25.910246260913844,-33.59491514710924
2025-01-27,502.68,put,452.41,2025-03-28,0.01,5.5368,1.2066,3910,5366,0.1887,SPY250328P00452410,0.0451,0.1643835616438356,-0.06522249978178662,0.0033056589278553784,25.910246260913844,-13.341931622945726
2025-01-27,502.68,call,477.55,2025-03-28,31.039,36.5658,33.4391,4260,5938,0.1921,SPY250328C00477550,0.0451,0.1643835616438356,0.7859932441024771,0.0074430054528227315,59.39054365286724,-51.005453189650254
2025-01-27,502.68,put,477.55,2025-03-28,2.0869,7.6137,7.6137,4015,7942,0.1921,SPY250328P00477550,0.0451,0.1643835616438356,-0.21400675589752294,0.0074430054528227315,59.39054365286724,-29.627030338775416
2025-01-27,502.68,call,502.68,2025-03-28,14.7206,20.2474,17.7239,3031,4539,0.192,SPY250328C00502680,0.0451,0.1643835616438356,0.5533616599269902,0.010103682050659795,80.57911598718282,-58.81520878100112
2025-01-27,502.68,put,502.68,2025-03-28,10.822,16.3488,14.8914,4974,5737,0.192,SPY250328P00502680,0.0451,0.1643835616438356,-0.44663834007300984,0.010103682050659795,80.57911598718282,-36.31179427220044
2025-01-27,502.68,call,527.81,2025-03-28,4.3922,9.919,6.4197,792,4056,0.1856,SPY250328C00527810,0.0451,0.1643835616438356,0.3042811489854267,0.009250373293634597,71.3146622047933,-46.83943173080904
2025-01-27,502.68,put,527.81,2025-03-28,25.32,30.8468,28.0834,2349,6065,0.1856,SPY250328P00527810,0.0451,0.1643835616438356,-0.6957188510145733,0.009250373293634597,71.3146622047933,-23.211025564082526
2025-01-27,502.68,call,552.95,2025-03-28,0.01,5.5368,2.4393,4748,8347,0.1929,SPY250328C00552950,0.0451,0.1643835616438356,0.13900605929790133,0.005634068244972812,45.143573023458245,-29.517634812709595
2025-01-27,502.68,put,552.95,2025-03-28,46.2984,51.8252,48.6104,4219,7673,0.1929,SPY250328P00552950,0.0451,0.1643835616438356,-0.8609939407020987,0.005634068244972812,45.143573023458245,-4.763789319271751
2025-01-28,501.35,call,451.22,2025-02-27,49.6357,55.1492,51.2995,4793,5046,0.203,SPY250227C00451220,0.04528,0.0821917808219178,0.9714945788358123,0.0022350727183912474,9.373421017076456,-31.268851693871014
2025-01-28,501.35,put,451.22,2025-02-27,0.01,5.5235,0.3102,786,1106,0.203,SPY250227P00451220,0.04528,0.0821917808219178,-0.02850542116418775,0.0022350727183912474,9.373421017076456,-10.913506580778146
2025-01-28,501.35,call,476.28,2025-02-27,27.2802,32.7937,29.5881,2400,3297,0.2273,SPY250227C00476280,0.04528,0.0821917808219178,0.8097309013372311,0.008313374148555857,39.03796687122859,-70.98610785983573
2025-01-28,501.35,put,476.28,2025-02-27,0.7248,6.2383,2.5037,971,3586,0.2273,SPY250227P00476280,0.04528,0.0821917808219178,-0.19026909866276887,0.008313374148555857,39.03796687122859,-49.50026110999336
2025-01-28,501.35,call,501.35,2025-02-27,11.4141,16.9276,12.5317,3083,3850,0.2295,SPY250227C00501350,0.04528,0.0821917808219178,0.5356424321591354,0.012045761311976272,57.112000403705714,-91.25740412045694
2025-01-28,501.35,put,501.35,2025-02-27,9.4471,14.9606,10.7045,667,2534,0.2295,SPY250227P00501350,0.04528,0.0821917808219178,-0.46435756784086457,0.012045761311976272,57.112000403705714,-68.64060461589352
2025-01-28,501.35,call,526.42,2025-02-27,2.2326,7.7461,6.1702,688,2360,0.2302,SPY250227C00526420,0.04528,0.0821917808219178,0.25785625766481934,0.009761435552275566,46.4225977535203,-70.6378043022318
2025-01-28,501.35,put,526.42,2025-02-27,24.8655,30.379,27.4878,658,1051,0.2302,SPY250227P00526420,0.04528,0.0821917808219178,-0.7421437423351807,0.009761435552275566,46.4225977535203,-46.89005204294732
2025-01-28,501.35,call,551.49,2025-02-27,0.01,5.5235,0.1085,3906,5793,0.221,SPY250227C00551490,0.04528,0.0821917808219178,0.07867818784298453,0.004621550396682677,21.10038578720345,-30.103926227117586
2025-01-28,501.35,put,551.49,2025-02-27,46.1574,51.6709,48.3121,3632,5225,0.221,SPY250227P00551490,0.04528,0.0821917808219178,-0.9213218121570155,0.004621550396682677,21.10038578720345,-5.225221213112032
2025-01-28,501.35,call,451.22,2025-03-14,53.4401,58.9536,55.4754,1791,3099,0.2738,SPY250314C00451220,0.04528,0.1232876712328767,0.8853096235262384,0.004019423643355352,34.103497024525694,-55.45567821798282
2025-01-28,501.35,put,451.22,2025-03-14,0.0538,5.5673,4.0099,2117,3288,0.2738,SPY250314P00451220,0.04528,0.1232876712328767,-0.11469037647376157,0.004019423643355352,34.103497024525694,-35.13817555726892
2025-01-28,501.35,call,476.28,2025-03-14,32.2447,37.7582,35.1962,2117,2934,0.2658,SPY250314C00476280,0.04528,0.1232876712328767,0.7441312147538116,0.006874951516011636,56.627358590825075,-76.33797602200661
2025-01-28,501.35,put,476.28,2025-03-14,4.9309,10.4444,8.1374,3534,5548,0.2658,SPY250314P00476280,0.04528,0.1232876712328767,-0.2558687852461884,0.006874951516011636,56.627358590825075,-54.892073430710084
2025-01-28,501.35,call,501.35,2025-03-14,16.8688,22.3823,20.1138,3152,4561,0.2564,SPY250314C00501350,0.04528,0.1232876712328767,0.5426142749544035,0.008788283440202415,69.82706115803182,-84.04969942574922
2025-01-28,501.35,put,501.35,2025-03-14,14.2246,19.7381,15.717,2966,5834,0.2564,SPY250314P00501350,0.04528,0.1232876712328767,-0.4573857250455965,0.008788283440202415,69.82706115803182,-61.47494662456817
2025-01-28,501.35,call,526.42,2025-03-14,8.0304,13.5439,11.0966,2247,2583,0.2803,SPY250314C00526420,0.04528,0.1232876712328767,0.3483229423566597,0.007493471631448982,65.089038047932,-81.4030193734593
2025-01-28,501.35,put,526.42,2025-03-14,30.5888,36.1023,33.6163,511,3133,0.2803,SPY250314P00526420,0.04528,0.1232876712328767,-0.6516770576433403,0.007493471631448982,65.089038047932,-57.69941636239372
2025-01-28,501.35,call,551.49,2025-03-14,1.4827,6.9962,5.6103,1313,5145,0.2625,SPY250314C00551490,0.04528,0.1232876712328767,0.1768291337566728,0.005615272946665421,45.67745168100814,-52.45012516983352
2025-01-28,501.35,put,551.49,2025-03-14,48.2876,53.8011,51.5478,2857,5560,0.2625,SPY250314P00551490,0.04528,0.1232876712328767,-0.8231708662433272,0.005615272946665421,45.67745168100814,-27.617671948883405
2025-01-28,501.35,call,451.22,2025-03-29,52.0323,57.5458,54.0488,1642,2464,0.1999,SPY250329C00451220,0.04528,0.1643835616438356,0.9239571369974686,0.0035205737209117144,29.078142565027967,-36.16892515418681
2025-01-28,501.35,put,451.22,2025-03-29,0.01,5.5235,1.4103,4700,7789,0.1999,SPY250329P00451220,0.04528,0.1643835616438356,-0.07604286300253138,0.0035205737209117144,29.078142565027967,-15.889194593264182
2025-01-28,501.35,call,476.28,2025-03-29,30.316,35.8295,33.6987,2533,4596,0.1814,SPY250329C00476280,0.04528,0.1643835616438356,0.7982730682427512,0.007631889452033225,57.201810932336855,-48.19291920630309
2025-01-28,501.35,put,476.28,2025-03-29,1.6255,7.139,5.3307,1522,5024,0.1814,SPY250329P00476280,0.04528,0.1643835616438356,-0.20172693175724876,0.007631889452033225,57.201810932336855,-26.786886513700303
2025-01-28,501.35,call,501.35,2025-03-29,13.5042,19.0177,16.6763,2871,3415,0.1811,SPY250329C00501350,0.04528,0.1643835616438356,0.5549132266050648,0.01073447919506354,80.32298756192122,-56.0928081788803
2025-01-28,501.35,put,501.35,2025-03-29,10.283,15.7965,11.3529,1126,5012,0.1811,SPY250329P00501350,0.04528,0.1643835616438356,-0.4450867733949352,0.01073447919506354,80.32298756192122,-33.56002391240594
2025-01-28,501.35,call,526.42,2025-03-29,4.3242,9.8377,8.3311,653,3654,0.1864,SPY250329C00526420,0.04528,0.1643835616438356,0.3052440927151001,0.009248087123847379,71.22594909366609,-46.99061700466428
2025-01-28,501.35,put,526.42,2025-03-29,25.4707,30.9842,27.1564,4287,6298,0.1864,SPY250329P00526420,0.04528,0.1643835616438356,-0.6947559072848999,0.009248087123847379,71.22594909366609,-23.33108116431835
2025-01-28,501.35,call,551.49,2025-03-29,0.01,5.5235,3.6661,4579,8573,0.1807,SPY250329C00551490,0.04528,0.1643835616438356,0.12245129456160886,0.00552415737800046,41.24436482794829,-25.351324113694652
2025-01-28,501.35,put,551.49,2025-03-29,45.3006,50.8141,49.7969,1975,5545,0.1807,SPY250329P00551490,0.04528,0.1643835616438356,-0.8775487054383911,0.00552415737800046,41.24436482794829,-0.565036699477151
2025-01-29,502.35,call,452.12,2025-02-28,50.2907,55.8142,54.4034,3754,6766,0.2417,SPY250228C00452120,0.04479,0.0821917808219178,0.9460951764928343,0.003145296479762355,15.768102802886045,-42.111165518008235
2025-01-29,502.35,put,452.12,2025-02-28,0.01,5.5335,0.4793,4814,6836,0.2417,SPY250228P00452120,0.04479,0.0821917808219178,-0.053904823507165744,0.003145296479762355,15.768102802886045,-21.935123078271683
2025-01-29,502.35,call,477.23,2025-02-28,28.4439,33.9674,32.0893,2318,2737,0.2343,SPY250228C00477230,0.04479,0.0821917808219178,0.802916153163221,0.008223528267533895,39.964251341476476,-73.6531905204908
2025-01-29,502.35,put,477.23,2025-02-28,0.9927,6.5162,5.2186,3300,4083,0.2343,SPY250228P00477230,0.04479,0.0821917808219178,-0.19708384683677904,0.008223528267533895,39.964251341476476,-52.35660392066005
2025-01-29,502.35,call,502.35,2025-02-28,12.1738,17.6973,14.9698,2064,4703,0.2465,SPY250228C00502350,0.04479,0.0821917808219178,0.5348341653116347,0.011194707711285855,57.236212301184096,-97.18674060527344
2025-01-29,502.35,put,502.35,2025-02-28,10.5637,16.0872,14.0618,2314,3645,0.2465,SPY250228P00502350,0.04479,0.0821917808219178,-0.46516583468836525,0.011194707711285855,57.236212301184096,-74.76916359120271
2025-01-29,502.35,call,527.47,2025-02-28,1.8695,7.393,4.8954,688,1423,0.2226,SPY250228C00527470,0.04479,0.0821917808219178,0.2498357337713334,0.009908880925855592,45.749986791496084,-67.36637700338117
2025-01-29,502.35,put,527.47,2025-02-28,25.1837,30.7072,28.4002,4150,7198,0.2226,SPY250228P00527470,0.04479,0.0821917808219178,-0.7501642662286666,0.009908880925855592,45.749986791496084,-43.827809575070454
2025-01-29,502.35,call,552.59,2025-02-28,0.01,5.5335,0.7818,3843,5914,0.2026,SPY250228C00552590,0.04479,0.0821917808219178,0.06073332242751509,0.0041215852053769165,17.319881922338084,-22.679481539713343
2025-01-29,502.35,put,552.59,2025-02-28,46.3399,51.8634,48.2676,2875,3944,0.2026,SPY250228P00552590,0.04479,0.0821917808219178,-0.9392666775724849,0.0041215852053769165,17.319881922338084,1.980076302837361
2025-01-29,502.35,call,452.12,2025-03-15,53.7733,59.2968,56.823,2187,2677,0.2894,SPY250315C00452120,0.04479,0.1232876712328767,0.8732522424984767,0.004071919652147942,36.663184905774415,-60.166913080144994
2025-01-29,502.35,put,452.12,2025-03-15,0.6837,6.2072,3.7109,2740,5227,0.2894,SPY250315P00452120,0.04479,0.1232876712328767,-0.12674775750152334,0.004071919652147942,36.663184905774415,-40.02797421922954
2025-01-29,502.35,call,477.23,2025-03-15,32.4549,37.9784,37.2845,4869,8365,0.2689,SPY250315C00477230,0.04479,0.1232876712328767,0.7418348778164647,0.006813760295459295,57.004628009806666,-77.26734076180243
2025-01-29,502.35,put,477.23,2025-03-15,4.9639,10.4874,6.5128,3838,7729,0.2689,SPY250315P00477230,0.04479,0.1232876712328767,-0.25816512218353527,0.006813760295459295,57.004628009806666,-56.00991841243791
2025-01-29,502.35,call,502.35,2025-03-15,16.3241,21.8476,19.6632,3811,4956,0.2474,SPY250315C00502350,0.04479,0.1232876712328767,0.5426064449602014,0.009089874999135028,69.96648702500744,-81.56838692426355
2025-01-29,502.35,put,502.35,2025-03-15,13.5366,19.0601,15.3519,4281,5935,0.2474,SPY250315P00502350,0.04479,0.1232876712328767,-0.4573935550397986,0.009089874999135028,69.96648702500744,-59.19203565296194
2025-01-29,502.35,call,527.47,2025-03-15,6.9014,12.4249,9.1038,2428,2833,0.2583,SPY250315C00527470,0.04479,0.1232876712328767,0.33295196581682124,0.00797694285908445,64.1052133310253,-74.21776589538126
2025-01-29,502.35,put,527.47,2025-03-15,29.1307,34.6542,30.7864,2336,4686,0.2583,SPY250315P00527470,0.04479,0.1232876712328767,-0.6670480341831788,0.00797694285908445,64.1052133310253,-50.72248570214256
2025-01-29,502.35,call,552.59,2025-03-15,1.8631,7.3866,6.804,2463,5190,0.27,SPY250315C00552590,0.04479,0.1232876712328767,0.18411530636355433,0.005588198781671528,46.94270083314622,-55.33970395024084
2025-01-29,502.35,put,552.59,2025-03-15,49.6208,55.1443,53.7655,4630,5840,0.27,SPY250315P00552590,0.04479,0.1232876712328767,-0.8158846936364457,0.005588198781671528,46.94270083314622,-30.725494835065053
2025-01-29,502.35,call,452.12,2025-03-30,52.0006,57.5241,53.6435,1545,4274,0.1785,SPY250330C00452120,0.04479,0.1643835616438356,0.9444869120703641,0.0030823304744125105,22.823835033495698,-31.205256449931753
2025-01-29,502.35,put,452.12,2025-03-30,0.01,5.5335,0.2537,1004,3390,0.1785,SPY250330P00452120,0.04479,0.1643835616438356,-0.05551308792963594,0.0030823304744125105,22.823835033495698,-11.103352934656106
2025-01-29,502.35,call,477.23,2025-03-30,30.3967,35.9202,33.6619,1102,4857,0.1851,SPY250330C00477230,0.04479,0.1643835616438356,0.7936581558235618,0.007565717032612674,58.09352266769221,-49.07948308890438
2025-01-29,502.35,put,477.23,2025-03-30,1.7509,7.2744,4.0971,2689,4138,0.1851,SPY250330P00477230,0.04479,0.1643835616438356,-0.2063418441764382,0.007565717032612674,58.09352266769221,-27.861152967266328
2025-01-29,502.35,call,502.35,2025-03-30,15.5247,21.0482,18.8256,2525,3455,0.2061,SPY250330C00502350,0.04479,0.1643835616438356,0.5516741718932686,0.009423945493449397,80.57159414879268,-62.089604952679466
2025-01-29,502.35,put,502.35,2025-03-30,12.3159,17.8394,13.9852,690,2651,0.2061,SPY250330P00502350,0.04479,0.1643835616438356,-0.4483258281067314,0.009423945493449397,80.57159414879268,-39.75440361033955
2025-01-29,502.35,call,527.47,2025-03-30,5.2171,10.7406,8.0953,3074,3428,0.1982,SPY250330C00527470,0.04479,0.1643835616438356,0.3172470282563006,0.00882657362881909,72.5716500356875,-50.53239177427098
2025-01-29,502.35,put,527.47,2025-03-30,25.9436,31.4671,29.4539,1289,5018,0.1982,SPY250330P00527470,0.04479,0.1643835616438356,-0.6827529717436994,0.00882657362881909,72.5716500356875,-27.080319211229195
2025-01-29,502.35,call,552.59,2025-03-30,0.01,5.5335,2.5566,2188,5814,0.1946,SPY250330C00552590,0.04479,0.1643835616438356,0.14110956379206047,0.005645839603246458,45.576667901808804,-30.02866054308815
2025-01-29,502.35,put,552.59,2025-03-30,46.4752,51.9987,49.6739,2484,3518,0.1946,SPY250330P00552590,0.04479,0.1643835616438356,-0.8588904362079395,0.005645839603246458,45.576667901808804,-5.459716759344516
2025-01-30,501.65,call,451.49,2025-03-01,49.2426,54.7591,52.8014,2166,3363,0.290385,SPY250301C00451490,0.04492,0.0821917808219178,0.911719645723869,0.0038329807751081623,23.021883045090878,-58.80606811404199
2025-01-30,501.65,put,451.49,2025-03-01,0.01,5.5265,0.2902,4158,7647,0.290385,SPY250301P00451490,0.04492,0.0821917808219178,-0.08828035427613101,0.0038329807751081623,23.021883045090878,-38.5998775643893
2025-01-30,501.65,call,476.57,2025-03-01,26.8668,32.3833,27.1227,2193,4181,0.294975,SPY250301C00476570,0.04492,0.0821917808219178,0.7556638997571122,0.0073994409950454195,45.14546645101608,-96.5453233944227
2025-01-30,501.65,put,476.57,2025-03-01,0.4518,5.9683,3.6784,1688,2049,0.294975,SPY250301P00476570,0.04492,0.0821917808219178,-0.24433610024288777,0.0073994409950454195,45.14546645101608,-75.21669102106341
2025-01-30,501.65,call,501.65,2025-03-01,10.2569,15.7734,13.74,1415,4113,0.28836,SPY250301C00501650,0.04492,0.0821917808219178,0.5342648607126929,0.0095841631418094,57.163556083973276,-111.53105556513576
2025-01-30,501.65,put,501.65,2025-03-01,8.6909,14.2074,12.74,981,3145,0.28836,SPY250301P00501650,0.04492,0.0821917808219178,-0.46573513928730714,0.0095841631418094,57.163556083973276,-89.07998136806988
2025-01-30,501.65,call,526.73,2025-03-01,2.2135,7.73,6.1119,569,1249,0.309825,SPY250301C00526730,0.04492,0.0821917808219178,0.3215895372880264,0.008042238745839857,51.537511347644305,-103.98312158688425
2025-01-30,501.65,put,526.73,2025-03-01,25.2604,30.7769,27.7095,1296,4795,0.309825,SPY250301P00526730,0.04492,0.0821917808219178,-0.6784104627119736,0.008042238745839857,51.537511347644305,-80.40960556611178
2025-01-30,501.65,call,551.82,2025-03-01,0.01,5.5265,1.2995,2818,5307,0.291195,SPY250301C00551820,0.04492,0.0821917808219178,0.14552674624804163,0.005455669112846478,32.859576316558744,-61.35224466168507
2025-01-30,501.65,put,551.82,2025-03-01,46.48,51.9965,48.9768,2973,3912,0.291195,SPY250301P00551820,0.04492,0.0821917808219178,-0.8544732537519584,0.005455669112846478,32.859576316558744,-36.655839272619204
2025-01-30,501.65,call,451.49,2025-03-16,52.1058,57.6223,54.9475,4610,6041,0.2642,SPY250316C00451490,0.04492,0.1232876712328767,0.8928299699751787,0.003965558482642972,32.50562006128651,-52.47105448225756
2025-01-30,501.65,put,451.49,2025-03-16,0.01,5.5265,3.1658,2350,3658,0.2642,SPY250316P00451490,0.04492,0.1232876712328767,-0.10717003002482128,0.003965558482642972,32.50562006128651,-32.302130705628585
2025-01-30,501.65,call,476.57,2025-03-16,32.164,37.6805,34.4143,3653,4022,0.2638,SPY250316C00476570,0.04492,0.1232876712328767,0.7453126413245811,0.006906202049847322,56.524320956330406,-75.68844263791003
2025-01-30,501.65,put,476.57,2025-03-16,4.6128,10.1293,7.136,3702,7557,0.2638,SPY250316P00476570,0.04492,0.1232876712328767,-0.2546873586754189,0.006906202049847322,56.524320956330406,-54.39914718457093
2025-01-30,501.65,call,501.65,2025-03-16,15.0747,20.5912,20.1977,1095,1497,0.2397,SPY250316C00501650,0.04492,0.1232876712328767,0.5429557486570996,0.009394076011270772,69.86238157293198,-79.3312483414406
2025-01-30,501.65,put,501.65,2025-03-16,12.7768,18.2933,16.0118,2729,3806,0.2397,SPY250316P00501650,0.04492,0.1232876712328767,-0.4570442513429004,0.009394076011270772,69.86238157293198,-56.92158121139138
2025-01-30,501.65,call,526.73,2025-03-16,8.6237,14.1402,11.1618,902,1500,0.2886,SPY250316C00526730,0.04492,0.1232876712328767,0.35341679842175244,0.0073119866481771234,65.4716067182379,-84.07793017879519
2025-01-30,501.65,put,526.73,2025-03-16,31.1839,36.7004,32.5146,4151,6465,0.2886,SPY250316P00526730,0.04492,0.1232876712328767,-0.6465832015782476,0.0073119866481771234,65.4716067182379,-60.547891372035835
2025-01-30,501.65,call,551.82,2025-03-16,1.5402,7.0567,3.8199,1869,2764,0.2645,SPY250316C00551820,0.04492,0.1232876712328767,0.1787127846107982,0.005606834699698314,46.01132196658061,-53.18913357077195
2025-01-30,501.65,put,551.82,2025-03-16,47.7197,53.2362,51.1476,3055,4881,0.2645,SPY250316P00551820,0.04492,0.1232876712328767,-0.8212872153892018,0.005606834699698314,46.01132196658061,-28.538276368133136
2025-01-30,501.65,call,451.49,2025-03-31,51.555,57.0715,54.0047,3528,7167,0.1687,SPY250331C00451490,0.04492,0.1643835616438356,0.9537538916261007,0.0028238376610082174,19.706741857569785,-29.171533051370798
2025-01-30,501.65,put,451.49,2025-03-31,0.01,5.5265,1.627,2129,4408,0.1687,SPY250331P00451490,0.04492,0.1643835616438356,-0.04624610837389931,0.0028238376610082174,19.706741857569785,-9.03980731574166
2025-01-30,501.65,call,476.57,2025-03-31,30.047,35.5635,30.519,2074,3314,0.1731,SPY250331C00476570,0.04492,0.1643835616438356,0.8081475279164069,0.00775375535325679,55.522521504490875,-45.98698672544803
2025-01-30,501.65,put,476.57,2025-03-31,1.049,6.5655,3.6868,1486,4728,0.1731,SPY250331P00476570,0.04492,0.1643835616438356,-0.19185247208359313,0.00775375535325679,55.522521504490875,-24.73695564208233
2025-01-30,501.65,call,501.65,2025-03-31,15.2766,20.7931,17.9972,4115,7824,0.1975,SPY250331C00501650,0.04492,0.1643835616438356,0.5526077104261939,0.009844981266504415,80.43443455705865,-59.968883980778664
2025-01-30,501.65,put,501.65,2025-03-31,11.4274,16.9439,13.2005,2450,4934,0.1975,SPY250331P00501650,0.04492,0.1643835616438356,-0.44739228957380606,0.009844981266504415,80.43443455705865,-37.600547549676406
2025-01-30,501.65,call,526.73,2025-03-31,4.0703,9.5868,7.2136,1834,3455,0.1839,SPY250331C00526730,0.04492,0.1643835616438356,0.30223324947139574,0.009326853693496607,70.95400472282398,-46.1887376358952
2025-01-30,501.65,put,526.73,2025-03-31,24.9857,30.5022,28.683,3692,4987,0.1839,SPY250331P00526730,0.04492,0.1643835616438356,-0.6977667505286043,0.009326853693496607,70.95400472282398,-22.70209585705638
2025-01-30,501.65,call,551.82,2025-03-31,0.01,5.5265,2.0826,427,4133,0.1914,SPY250331C00551820,0.04492,0.1643835616438356,0.13689871345494126,0.005630899156954172,44.584069004144936,-28.923297290296098
2025-01-30,501.65,put,551.82,2025-03-31,45.9779,51.4944,48.7033,600,4181,0.1914,SPY250331P00551820,0.04492,0.1643835616438356,-0.8631012865450587,0.005630899156954172,44.584069004144936,-4.317904268446501
2025-01-31,493.48,call,444.13,2025-03-02,47.907,53.3418,52.1007,314,3706,0.2187,SPY250302C00444130,0.04409,0.0821917808219178,0.9616053655549761,0.0026937885446748073,11.791791383125645,-34.34208062270568
2025-01-31,493.48,put,444.13,2025-03-02,0.01,5.4448,1.29,1648,2683,0.2187,SPY250302P00444130,0.04409,0.0821917808219178,-0.03839463444502389,0.0026937885446748073,11.791791383125645,-14.831221334494595
2025-01-31,493.48,call,468.81,2025-03-02,26.5563,31.9911,28.883,3448,5240,0.2096,SPY250302C00468810,0.04409,0.0821917808219178,0.8273668766130932,0.008617966402044454,36.154601355314306,-62.813996330376725
2025-01-31,493.48,put,468.81,2025-03-02,0.1084,5.5432,4.1474,3597,5850,0.2096,SPY250302P00468810,0.04409,0.0821917808219178,-0.17263312338690684,0.008617966402044454,36.154601355314306,-42.218931950789134
2025-01-31,493.48,call,493.48,2025-03-02,9.6961,15.1309,12.8716,906,3545,0.2007,SPY250302C00493480,0.04409,0.0821917808219178,0.5365516922357454,0.013991071638990524,56.20382271491033,-79.75588839630136
2025-01-31,493.48,put,493.48,2025-03-02,7.7182,13.153,13.153,4209,5855,0.2007,SPY250302P00493480,0.04409,0.0821917808219178,-0.4634483077642546,0.013991071638990524,56.20382271491033,-58.07705823047962
2025-01-31,493.48,call,518.15,2025-03-02,2.075,7.5098,5.8133,2445,3496,0.2284,SPY250302C00518150,0.04409,0.0821917808219178,0.255618657743984,0.009950017635001064,45.487016511216844,-68.55099222890752
2025-01-31,493.48,put,518.15,2025-03-02,24.8703,30.3051,28.0025,857,3003,0.2284,SPY250302P00518150,0.04409,0.0821917808219178,-0.7443813422560159,0.009950017635001064,45.487016511216844,-45.78839627685164
2025-01-31,493.48,call,542.83,2025-03-02,0.01,5.4448,1.7603,432,2187,0.2163,SPY250302C00542830,0.04409,0.0821917808219178,0.07386493539643127,0.004572249079762472,19.79492693203055,-27.61033596522976
2025-01-31,493.48,put,542.83,2025-03-02,44.9473,50.3821,47.3069,398,3231,0.2163,SPY250302P00542830,0.04409,0.0821917808219178,-0.9261350646035688,0.004572249079762472,19.79492693203055,-3.763534921797376
2025-01-31,493.48,call,444.13,2025-03-17,51.2301,56.6649,54.4155,1521,4156,0.2777,SPY250317C00444130,0.04409,0.1232876712328767,0.8820091310184286,0.004108040693400965,34.25069419093373,-55.35441143020705
2025-01-31,493.48,put,444.13,2025-03-17,0.204,5.6388,1.8152,1730,4664,0.2777,SPY250317P00444130,0.04409,0.1232876712328767,-0.1179908689815714,0.004108040693400965,34.25069419093373,-35.87887220720325
2025-01-31,493.48,call,468.81,2025-03-17,32.4712,37.906,35.3732,1931,4852,0.2758,SPY250317C00468810,0.04409,0.1232876712328767,0.7370034973794216,0.006827563229166592,56.53517672186684,-77.71815027199804
2025-01-31,493.48,put,468.81,2025-03-17,5.2417,10.6765,6.4251,4298,4613,0.2758,SPY250317P00468810,0.04409,0.1232876712328767,-0.2629965026205784,0.006827563229166592,56.53517672186684,-57.16036866945731
2025-01-31,493.48,call,493.48,2025-03-17,15.3224,20.7572,18.7909,2585,3514,0.2423,SPY250317C00493480,0.04409,0.1232876712328767,0.5423796456702693,0.009448601681944316,68.73528167121435,-78.54760971837965
2025-01-31,493.48,put,493.48,2025-03-17,12.8229,18.2577,15.767,1465,1816,0.2423,SPY250317P00493480,0.04409,0.1232876712328767,-0.4576203543297307,0.009448601681944316,68.73528167121435,-56.908024246180254
2025-01-31,493.48,call,518.15,2025-03-17,8.2471,13.6819,9.9782,2694,3575,0.2838,SPY250317C00518150,0.04409,0.1232876712328767,0.3500557150012006,0.007532743938516177,64.18364205992125,-81.00553149348009
2025-01-31,493.48,put,518.15,2025-03-17,30.5692,36.004,33.9335,2642,5181,0.2838,SPY250317P00518150,0.04409,0.1232876712328767,-0.6499442849987994,0.007532743938516177,64.18364205992125,-58.284142151622035
2025-01-31,493.48,call,542.83,2025-03-17,1.2273,6.6621,3.9072,2863,6297,0.2571,SPY250317C00542830,0.04409,0.1232876712328767,0.17093434208409258,0.005700400332880642,44.001369617966375,-49.42611755588033
2025-01-31,493.48,put,542.83,2025-03-17,47.7753,53.2101,49.968,4461,7508,0.2571,SPY250317P00542830,0.04409,0.1232876712328767,-0.8290656579159075,0.005700400332880642,44.001369617966375,-25.62248583448535
2025-01-31,493.48,call,444.13,2025-04-01,51.2197,56.6545,55.0909,3946,4491,0.1896,SPY250401C00444130,0.04409,0.1643835616438356,0.9336289233049803,0.0033969570404540875,25.782551010058928,-32.814871662967626
2025-01-31,493.48,put,444.13,2025-04-01,0.01,5.4448,1.5531,1782,4204,0.1896,SPY250401P00444130,0.04409,0.1643835616438356,-0.06637107669501974,0.0033969570404540875,25.782551010058928,-13.37458856605967
2025-01-31,493.48,call,468.81,2025-04-01,30.2078,35.6426,34.1115,844,2115,0.1909,SPY250401C00468810,0.04409,0.1643835616438356,0.786676564461458,0.007615224450868076,58.19506192924995,-49.45826053766744
2025-01-31,493.48,put,468.81,2025-04-01,2.0219,7.4567,5.0285,1491,3089,0.1909,SPY250401P00468810,0.04409,0.1643835616438356,-0.21332343553854205,0.007615224450868076,58.19506192924995,-28.937694220009508
2025-01-31,493.48,call,493.48,2025-04-01,14.9852,20.42,17.6976,2953,3291,0.2017,SPY250401C00493480,0.04409,0.1643835616438356,0.5515250510148897,0.00980308894345391,79.15281035284758,-59.771998642554614
2025-01-31,493.48,put,493.48,2025-04-01,11.5722,17.007,13.2068,903,3291,0.2017,SPY250401P00493480,0.04409,0.1643835616438356,-0.4484749489851103,0.00980308894345391,79.15281035284758,-38.17158682020049
2025-01-31,493.48,call,518.15,2025-04-01,4.4405,9.8753,7.1121,1174,1559,0.1893,SPY250401C00518150,0.04409,0.1643835616438356,0.3075549835267146,0.009282517003571042,70.34186284638574,-46.877644433006715
2025-01-31,493.48,put,518.15,2025-04-01,25.5315,30.9663,29.1561,4858,7006,0.1893,SPY250401P00518150,0.04409,0.1643835616438356,-0.6924450164732854,0.009282517003571042,70.34186284638574,-24.197387105956395
2025-01-31,493.48,call,542.83,2025-04-01,0.0963,5.5311,1.8098,4424,8343,0.1974,SPY250401C00542830,0.04409,0.1643835616438356,0.14449543220430477,0.0057573404546217176,45.495302621174055,-30.33566465327957
2025-01-31,493.48,put,542.83,2025-04-01,45.0922,50.527,49.0517,1825,4994,0.1974,SPY250401P00542830,0.04409,0.1643835616438356,-0.8555045677956952,0.0057573404546217176,45.495302621174055,-6.575124105479272
